匠カフPA1,匠+3,2,カフＰＡ生産券×1,0
反動カフPA1,反動+7,2,カフＰＡ生産券×1,0
特殊攻カフPA1,特殊攻撃+7,2,カフＰＡ生産券×1,0
精密射カフPA1,精密射撃+7,2,カフＰＡ生産券×1,0
断食カフPA1,断食+7,2,カフＰＡ生産券×1,0
猛毒剣カフPA1,猛毒剣+10,2,カフＰＡ生産券×1,0
麻痺剣カフPA1,麻痺剣+10,2,カフＰＡ生産券×1,0
睡眠剣カフPA1,睡眠剣+10,2,カフＰＡ生産券×1,0
貫弾追カフPA1,貫通弾追加+4:貫通弾強化+3,2,カフＰＡ生産券×1,0
運搬カフPA1,運搬+4:スタミナ+3,2,カフＰＡ生産券×1,0
高速収カフPA1,高速収集+4:審判+3,2,カフＰＡ生産券×1,0
千里眼カフPA1,千里眼+4:風圧+3,2,カフＰＡ生産券×1,0
砲術師カフPA1,砲術師+7:耐暑+1,2,カフＰＡ生産券×1,0
笛名人カフPA1,笛吹き名人+10:食いしん坊+1,2,カフＰＡ生産券×1,0
受け身カフPA1,受け身+10:回復速度+1,2,カフＰＡ生産券×1,0
絆カフPA1,絆+10:防御+1,2,カフＰＡ生産券×1,0
研ぎ師カフPA1,研ぎ師+7,2,カフＰＡ生産券×1,0
装填カフPA1,装填+7,2,カフＰＡ生産券×1,0
風圧カフPA1,風圧+7,2,カフＰＡ生産券×1,0
スタカフPA1,スタミナ+7,2,カフＰＡ生産券×1,0
採取カフPA1,採取+7:とんずら+1,2,カフＰＡ生産券×1,0
回復カフPA1,回復+7:ひらめき+1,2,カフＰＡ生産券×1,0
調合成カフPA1,調合成功率+4:通常弾強化+3,2,カフＰＡ生産券×1,0
食事カフPA1,食事+4:断食+3,2,カフＰＡ生産券×1,0
効果持カフPA1,効果持続+4:審判+3,2,特別イベント,0
装填数カフPA1,装填数+7,2,カフＰＡ生産券×1,0
ガ性能カフPA1,ガード性能+7,2,カフＰＡ生産券×1,0
溜短縮カフPA1,溜め短縮+4:回避性能+3,2,カフＰＡ生産券×1,0
風圧カフPA2,風圧+4:審判+3,2,カフＰＡ生産券×1,0
底力カフPA1,底力-10:はらへり-5,2,カフＰＡ生産券×1,0
爆撃剣カフPA1,爆撃剣+10:体力+1,2,カフＰＡ生産券×1,0
爆撃剣カフPA2,爆撃剣+6:底力+3,2,カフＰＡ生産券×1,0
氷結剣カフPA1,氷結剣+10:自動防御+1,2,カフＰＡ生産券×1,0
氷結剣カフPA2,氷結剣+6:スタミナ+3,2,カフＰＡ生産券×1,0
連射カフPA1,連射+4:断食+3,2,カフＰＡ生産券×1,0
連射カフPA2,連射+4:貫通弾強化+3,2,カフＰＡ生産券×1,0
連射カフPA3,連射+4:特殊攻撃+3,2,カフＰＡ生産券×1,0
風圧カフPA3,風圧+4:断食+3,2,カフＰＡ生産券×1,0
風圧カフPA4,風圧+4:反動+3,2,カフの素・Ｎ×30,0
耐震カフPA1,耐震+4:スタミナ+3,2,カフＰＡ生産券×1,0
耐震カフPA2,耐震+4:風圧+3,2,カフＰＡ生産券×1,0
弾調合カフPA1,弾調合+4:散弾強化+3,2,カフＰＡ生産券×1,0
弾調合カフPA2,弾調合+4:貫通弾強化+3,2,カフＰＡ生産券×1,0
連射カフPA4,連射+7,2,カフＰＡ生産券×1,0
根性カフPA1,根性+7,2,カフＰＡ生産券×1,0
根性カフPA2,根性+4:スタミナ+3,2,カフＰＡ生産券×1,0
根性カフPA3,根性+4:審判+3,2,カフＰＡ生産券×1,0
採取カフPA2,採取+7:体力+1,2,カフＰＡ生産券×1,0
採取カフPA3,採取+4:スタミナ+3,2,カフＰＡ生産券×1,0
採取カフPA4,採取+4:回避性能+3,2,カフＰＡ生産券×1,0
調合成カフPA2,調合成功率+7:爆弾強化+1,2,カフＰＡ生産券×1,0
高速設置カフPA1,高速設置+7,2,特別イベント,0
高速設置カフPA2,高速設置+4:風圧+3,2,特別イベント,0
斬れ味カフPA1,斬れ味+7,2,特別イベント,0
調合成カフPA3,調合成功率+4:特殊攻撃+3,2,特別イベント,0
攻撃カフIIPA1,攻撃+5:スタミナ+2,2,カフＰＡ生産券II×1,
攻撃カフIIPA2,攻撃+4:研ぎ師+3,2,カフＰＡ生産券II×1,
反動カフIIPA1,反動+4:特殊攻撃+3,2,カフＰＡ生産券II×1,
回避カフIIPA1,回避性能+5:風圧+2,2,カフＰＡ生産券II×1,
回避カフIIPA2,回避性能+4:斬れ味+3,2,カフＰＡ生産券II×1,
密射カフIIPA1,精密射撃+5:装填数+2,2,カフＰＡ生産券II×1,
調合カフIIPA1,調合成功率+5:装填+2,2,カフＰＡ生産券II×1,
調合カフIIPA2,調合成功率+3:反動+4,2,カフＰＡ生産券II×1,
龍攻カフIIPA1,龍属性攻撃+5:匠+2,2,カフＰＡ生産券II×1,
龍攻カフIIPA2,龍属性攻撃+3:斬れ味+4,2,カフＰＡ生産券II×1,
砲術カフIIPA1,砲術師+5:特殊攻撃+2,2,カフＰＡ生産券II×1,
砲術カフIIPA2,砲術師+3:審判+4,2,カフＰＡ生産券II×1,
聴保カフIIPA1,聴覚保護+5:溜め短縮+2,2,カフＰＡ生産券II×1,
聴保カフIIPA2,聴覚保護+4:斬れ味+3,2,カフＰＡ生産券II×1,
聴保カフIIPA3,聴覚保護+4:装填数+3,2,カフＰＡ生産券II×1,
断食カフIIPA1,断食+5:匠+2,2,カフＰＡ生産券II×1,
断食カフIIPA2,断食+4:底力+3,2,カフＰＡ生産券II×1,
断食カフIIPA3,断食+4:反動+3,2,カフＰＡ生産券II×1,
千里カフIIPA1,千里眼+5:審判+2,2,カフＰＡ生産券II×1,
千里カフIIPA2,千里眼+3:溜め短縮+4,2,カフＰＡ生産券II×1,
弾調カフIIPA1,弾調合+5:高速設置+2,2,カフＰＡ生産券II×1,
弾調カフIIPA2,弾調合+3:装填+4,2,カフＰＡ生産券II×1,
食事カフIIPA1,食事+5:匠+2,2,カフＰＡ生産券II×1,
食事カフIIPA2,食事+3:スタミナ+4,2,カフＰＡ生産券II×1,
回避カフIIPA3,回避性能+7,2,カフＰＡ生産券II×1,
眠剣カフIIPA1,睡眠剣+5:スタミナ+2,2,カフＰＡ生産券II×1,
痺剣カフIIPA1,麻痺剣+5:底力+2,2,カフＰＡ生産券II×1,
溜短カフIIPA1,溜め短縮+7,2,カフＰＡ生産券II×1,
スタカフIIPA1,スタミナ+5:達人+2,2,カフＰＡ生産券II×1,
風圧カフIIPA1,風圧+5:達人+2,2,カフＰＡ生産券II×1,
食事カフIIPA3,食事+5:属性攻撃+2,2,カフＰＡ生産券II×1,
食事カフIIPA4,食事+5:気力回復+2,2,カフＰＡ生産券II×1,
千里カフIIPA3,千里眼+5:武器捌き+2,2,カフＰＡ生産券II×1,
千里カフIIPA4,千里眼+5:属性攻撃+2,2,カフＰＡ生産券II×1,
回復カフIIPA1,回復+5:気力回復+2,2,カフＰＡ生産券II×1,
回復カフIIPA2,回復+5:武器捌き+2,2,カフＰＡ生産券II×1,
武捌カフIIPA1,武器捌き+5:溜め短縮+2,2,カフＰＡ生産券II×1,
武捌カフIIPA2,武器捌き+4:断食+3,2,カフＰＡ生産券II×1,
属攻カフIIPA1,属性攻撃+5:回避性能+2,2,カフＰＡ生産券II×1,
属攻カフIIPA2,属性攻撃+4:スタミナ+3,2,カフＰＡ生産券II×1,
気回カフIIPA1,気力回復+5:風圧+2,2,カフＰＡ生産券II×1,
気回カフIIPA2,気力回復+4:特殊攻撃+3,2,カフＰＡ生産券II×1,
匠カフIIPA1,匠+2:回避性能+5,2,カフＰＡ生産券II×1,
匠カフIIPA2,匠+2:スタミナ+5,2,カフＰＡ生産券II×1,
小刀カフIIPA1,ナイフ使い+7,2,カフＰＡ生産券II×1,
小刀カフIIPA2,ナイフ使い+5:風圧+2,2,カフＰＡ生産券II×1,
調合カフIIPA3,調合成功率+5:装填数+2,2,カフＰＡ生産券II×1,
調合カフIIPA4,調合成功率+3:気力回復+4,2,カフＰＡ生産券II×1,
強通カフIIPA1,通常弾強化+7,2,特別イベント,0
弾調カフIIPA3,弾調合+5:精密射撃+2,2,特別イベント,0
剣術カフIIPA1,剣術+5:斬れ味+2,2,カフＰＡ生産券II×1,
剣術カフIIPA2,剣術+4:攻撃+3,2,カフＰＡ生産券II×1,
耐状カフIIPA1,耐状態異常+7,2,カフＰＡ生産券II×1,
耐状カフIIPA2,耐状態異常+2:聴覚保護+5,2,カフＰＡ生産券II×1,
斬味カフIIPA1,斬れ味+5:武器捌き+2,2,カフＰＡ生産券II×1,
斬味カフIIPA2,斬れ味+5:属性攻撃+2,2,カフＰＡ生産券II×1,
麻痺カフIIPA1,麻痺+5:気力回復+2,2,カフＰＡ生産券II×1,
麻痺カフIIPA2,麻痺+5:斬れ味+2,2,カフＰＡ生産券II×1,
気絶カフIIPA1,気絶+5:匠+2,2,カフＰＡ生産券II×1,
気絶カフIIPA2,気絶+5:研ぎ師+2,2,カフＰＡ生産券II×1,
毒カフIIPA1,毒+5:ガード性能+2,2,カフＰＡ生産券II×1,
毒カフIIPA2,毒+5:装填+2,2,カフＰＡ生産券II×1,
剣術カフIIPA3,剣術+7,2,カフＰＡ生産券II×1,0
剣術カフIIPA4,剣術+4:武器捌き+3,2,カフＰＡ生産券II×1,0
耐状カフIIPA3,耐状態異常+3:気力回復+4,2,カフＰＡ生産券II×1,0
耐状カフIIPA4,耐状態異常+2:属性攻撃+5,2,カフＰＡ生産券II×1,0
匠カフIIPA3,匠+2:風圧+5,2,カフＰＡ生産券II×1,0
匠カフIIPA4,匠+2:耐震+5,2,カフＰＡ生産券II×1,0
武捌カフIIPA3,武器捌き+5:回避性能+2,2,カフＰＡ生産券II×1,0
武捌カフIIPA4,武器捌き+5:スタミナ+2,2,カフＰＡ生産券II×1,0
属攻カフIIPA3,属性攻撃+5:食事+2,2,カフＰＡ生産券II×1,0
属攻カフIIPA4,属性攻撃+5:風圧+2,2,カフＰＡ生産券II×1,0
攻撃カフIIPA3,攻撃+4:底力-3,2,カフＰＡ生産券II×1,0
攻撃カフIIPA4,攻撃+5:気力回復+2,2,カフＰＡ生産券II×1,0
斬れ味カフPB1,斬れ味+5,2,カフＰＢ生産券×1,0
斬れ味カフPB2,斬れ味+3:砲術師+2,2,カフＰＢ生産券×1,0
ガ性能カフPB1,ガード性能+5,2,カフＰＢ生産券×1,0
ガ性能カフPB2,ガード性能+3:千里眼+2,2,カフＰＢ生産券×1,0
装填カフPB1,装填+5,2,カフＰＢ生産券×1,0
装填カフPB2,装填+3:貫通弾追加+2,2,カフＰＢ生産券×1,0
通弾強カフPB1,通常弾強化+5,2,カフＰＢ生産券×1,0
通弾強カフPB2,通常弾強化+3:弾調合+2,2,カフＰＢ生産券×1,0
審判カフPB1,審判+5,2,カフＰＢ生産券×1,0
審判カフPB2,審判+3:広域+2,2,カフＰＢ生産券×1,0
風圧カフPB1,風圧+5,2,カフＰＢ生産券×1,0
風圧カフPB2,風圧+3:耐震+2,2,カフＰＢ生産券×1,0
回避カフPB1,回避性能+5,2,カフＰＢ生産券×1,0
回避カフPB2,回避性能+3:効果持続+2,2,カフＰＢ生産券×1,0
底力カフPB1,底力+5,2,カフＰＢ生産券×1,0
底力カフPB2,底力+3:耐震+2,2,カフＰＢ生産券×1,0
麻痺カフPB1,麻痺+5:睡眠+1,2,カフＰＢ生産券×1,0
麻痺カフPB2,麻痺+3:気絶+2:耐雪+1,2,カフＰＢ生産券×1,0
気絶カフPB1,気絶+5:耐寒+1,2,カフＰＢ生産券×1,0
気絶カフPB2,気絶+3:毒+2:火耐性+1,2,カフＰＢ生産券×1,0
毒カフPB1,毒+5:耐暑+1,2,カフＰＢ生産券×1,0
毒カフPB2,毒+3:麻痺+2:氷耐性+1,2,カフＰＢ生産券×1,0
腹へりカフPB1,はらへり+5:体力+1,2,カフＰＢ生産券×1,0
腹へりカフPB2,はらへり+3:回復+2:回復速度+1,2,カフＰＢ生産券×1,0
広域カフPB1,広域+5:地図+1,2,カフＰＢ生産券×1,0
広域カフPB2,広域+3:食事+2:食いしん坊+1,2,カフＰＢ生産券×1,0
全耐性カフPB1,全耐性UP+5:自動防御+1,2,カフＰＢ生産券×1,0
全耐性カフPB2,全耐性UP+3:千里眼+2:気配+1,2,カフＰＢ生産券×1,0
全耐性カフPB3,全耐性UP+3:気絶+2:睡眠+1,2,特別イベント,0
龍耐性カフPB1,龍耐性+5:防御+1,2,カフＰＢ生産券×1,0
龍耐性カフPB2,龍耐性+3:地形+2:捕獲上手+1,2,カフＰＢ生産券×1,0
採取カフPB1,採取+5:地図+1,2,カフＰＢ生産券×1,0
採取カフPB2,採取+3:運搬+2:釣り+1,2,カフＰＢ生産券×1,0
装填数カフPB1,装填数+5,2,カフＰＢ生産券×1,0
装填数カフPB2,装填数+3:貫通弾追加+2,2,カフＰＢ生産券×1,0
研ぎ師カフPB1,研ぎ師+5,2,カフＰＢ生産券×1,0
研ぎ師カフPB2,研ぎ師+3:龍王剣+2,2,カフＰＢ生産券×1,0
反動カフPB1,反動+5,2,カフＰＢ生産券×1,0
反動カフPB2,反動+3:調合成功率+2,2,カフＰＢ生産券×1,0
連射カフPB1,連射+5,2,カフＰＢ生産券×1,0
連射カフPB2,連射+3:効果持続+2,2,カフＰＢ生産券×1,0
笛名人カフPB1,笛吹き名人+5:回復速度+1,2,カフＰＢ生産券×1,0
笛名人カフPB2,笛吹き名人+3:地形+2:防御+1,2,カフＰＢ生産券×1,0
火炎剣カフPB1,火炎剣+5:氷耐性+1,2,カフＰＢ生産券×1,0
火炎剣カフPB2,火炎剣+3:火属性攻撃+2:体力+1,2,カフＰＢ生産券×1,0
雷神剣カフPB1,雷神剣+5:水耐性+1,2,カフＰＢ生産券×1,0
雷神剣カフPB2,雷神剣+3:雷属性攻撃+2:回復速度+1,2,カフＰＢ生産券×1,0
水激剣カフPB1,水激剣+5:火耐性+1,2,カフＰＢ生産券×1,0
水激剣カフPB2,水激剣+3:水属性攻撃+2:耐雪+1,2,カフＰＢ生産券×1,0
精密射カフPB1,精密射撃+3:貫通弾追加+2,2,特別イベント,0
断食カフPB1,断食+3:受け身+2,2,特別イベント,0
貫弾強カフPB1,貫通弾強化+5,2,カフＰＢ生産券×1,0
貫弾強カフPB2,貫通弾強化+3:弾調合+2,2,カフＰＢ生産券×1,0
散弾強カフPB1,散弾強化+5,2,カフＰＢ生産券×1,0
散弾強カフPB2,散弾強化+3:調合成功率+2,2,カフＰＢ生産券×1,0
特殊攻カフPB1,特殊攻撃+5,2,カフＰＢ生産券×1,0
特殊攻カフPB2,特殊攻撃+3:千里眼+2,2,カフＰＢ生産券×1,0
スタカフPB2,スタミナ+5,2,カフＰＢ生産券×1,0
スタカフPB3,スタミナ+3:食事+2,2,カフＰＢ生産券×1,0
猛毒剣PB1,猛毒剣+5,2,カフの素・Ｎ×20,0
効果持カフPB1,効果持続+5:地図+1,2,カフＰＢ生産券×1,0
効果持カフPB2,効果持続+3:回復+2:体力+1,2,カフＰＢ生産券×1,0
受け身カフPB1,受け身+5:体術+1,2,カフＰＢ生産券×1,0
受け身カフPB2,受け身+3:笛吹き名人+2:耐暑+1,2,カフＰＢ生産券×1,0
爆撃剣カフPB1,爆撃剣+5:盗み無効+1,2,カフＰＢ生産券×1,0
爆撃剣カフPB2,爆撃剣+3:龍耐性+2:耐寒+1,2,カフＰＢ生産券×1,0
龍王剣カフPB1,龍王剣+5:モンスター+1,2,カフＰＢ生産券×1,0
龍王剣カフPB2,龍王剣+3:地形+2:声帯+1,2,カフＰＢ生産券×1,0
貫弾強カフPB3,貫通弾強化+3:運搬+2,2,カフＰＢ生産券×1,0
貫弾強カフPB4,貫通弾強化+3:絆+2,2,カフＰＢ生産券×1,0
貫弾強カフPB5,貫通弾強化+3:食事+2,2,カフＰＢ生産券×1,0
通弾強カフPB3,通常弾強化+3:運搬+2,2,カフＰＢ生産券×1,0
通弾強カフPB4,通常弾強化+3:受け身+2,2,カフＰＢ生産券×1,0
通弾強カフPB5,通常弾強化+3:千里眼+2,2,カフＰＢ生産券×1,0
散弾強カフPB3,散弾強化+3:運搬+2,2,カフＰＢ生産券×1,0
散弾強カフPB4,散弾強化+3:弾調合+2,2,カフＰＢ生産券×1,0
散弾強カフPB5,散弾強化+3:気まぐれ+2,2,カフの素・Ｎ×20,0
効果持カフPB3,効果持続+3:笛吹き名人+2:食いしん坊+1,2,カフＰＢ生産券×1,0
効果持カフPB4,効果持続+3:食事+2:雷耐性+1,2,カフＰＢ生産券×1,0
砲術師カフPB2,砲術師+3:気絶+2:体力+1,2,カフＰＢ生産券×1,0
砲術師カフPB3,砲術師+3:爆撃剣+2:気配+1,2,カフＰＢ生産券×1,0
耐震カフPB1,耐震+3:全耐性UP+2:地図+1,2,カフＰＢ生産券×1,0
耐震カフPB2,耐震+3:地形+2:声帯+1,2,カフＰＢ生産券×1,0
運搬カフPB1,運搬+3:高速収集+2:投擲+1,2,カフＰＢ生産券×1,0
運搬カフPB2,運搬+3:採取+2:釣り+1,2,カフＰＢ生産券×1,0
根性カフPB1,根性+5,2,カフＰＢ生産券×1,0
根性カフPB2,根性+3:受け身+2,2,カフＰＢ生産券×1,0
根性カフPB3,根性+3:地形+2,2,カフＰＢ生産券×1,0
根性カフPB4,根性+3:龍耐性+2,2,カフＰＢ生産券×1,0
高速設カフPB1,高速設置+5,2,カフＰＢ生産券×1,0
高速設カフPB2,高速設置+3:千里眼+2,2,カフＰＢ生産券×1,0
高速設カフPB3,高速設置+3:耐震+2,2,カフＰＢ生産券×1,0
高速設カフPB4,高速設置+3:受け身+2,2,カフＰＢ生産券×1,0
砲術師カフPB4,砲術師+5:モンスター+1,2,カフＰＢ生産券×1,0
砲術師カフPB5,砲術師+3:回復+2:体力+1,2,カフＰＢ生産券×1,0
砲術師カフPB6,砲術師+3:耐震+2:防御+1,2,カフＰＢ生産券×1,0
砲術師カフPB7,砲術師+3:地形+2:耐暑+1,2,カフＰＢ生産券×1,0
運搬カフPB3,運搬+3:千里眼+2:ひらめき+1,2,カフＰＢ生産券×1,0
運搬カフPB4,運搬+3:広域+2:錬金術+1,2,カフＰＢ生産券×1,0
運搬カフPB5,運搬+3:回復+2:食いしん坊+1,2,カフＰＢ生産券×1,0
千里眼カフPB1,千里眼+3:絆+2:耐雪+1,2,カフＰＢ生産券×1,0
睡眠剣カフPB2,睡眠剣+3:食事+2,2,特別イベント,0
溜短縮カフPB1,溜め短縮+3:弾調合+2,2,特別イベント,0
高速収カフPB1,高速収集+3:耐震+2,2,特別イベント,0
千里眼カフPB2,千里眼+3:地形+2:脱臭+1,2,特別イベント,0
千里眼カフPB3,千里眼+3:耐震+2:睡眠+1,2,特別イベント,0
睡眠剣カフPB3,睡眠剣+3:耐震+2,2,特別イベント,0
審判カフIIPB1,審判+3:回避性能+2,2,カフＰＢ生産券II×1,
審判カフIIPB2,審判+3:麻痺+2,2,カフＰＢ生産券II×1,
底力カフIIPB1,底力+3:風圧+2,2,カフＰＢ生産券II×1,
底力カフIIPB2,底力+3:地形+2,2,カフＰＢ生産券II×1,
断食カフIIPB1,断食+3:スタミナ+2,2,カフＰＢ生産券II×1,
断食カフIIPB2,断食+3:砲術師+2,2,カフＰＢ生産券II×1,
スタカフIIPB1,スタミナ+3:溜め短縮+2,2,カフＰＢ生産券II×1,
スタカフIIPB2,スタミナ+3:運搬+2,2,カフＰＢ生産券II×1,
強通カフIIPB1,通常弾強化+3:反動+2,2,カフＰＢ生産券II×1,
強通カフIIPB2,通常弾強化+3:砲術師+2,2,カフＰＢ生産券II×1,
反動カフIIPB1,反動+3:食事+2,2,カフＰＢ生産券II×1,
反動カフIIPB2,反動+3:龍耐性+2,2,カフＰＢ生産券II×1,
火攻カフIIPB1,火属性攻撃+3:麻痺+2,2,カフＰＢ生産券II×1,
火攻カフIIPB2,火属性攻撃+3:耐雪+2,2,カフＰＢ生産券II×1,
水攻カフIIPB1,水属性攻撃+3:気絶+2,2,カフＰＢ生産券II×1,
水攻カフIIPB2,水属性攻撃+3:耐暑+2,2,カフＰＢ生産券II×1,
雷攻カフIIPB1,雷属性攻撃+3:毒+2,2,カフＰＢ生産券II×1,
雷攻カフIIPB2,雷属性攻撃+3:睡眠+2,2,カフＰＢ生産券II×1,
氷攻カフIIPB1,氷属性攻撃+3:耐震+2,2,カフＰＢ生産券II×1,
氷攻カフIIPB2,氷属性攻撃+3:気配+2,2,カフＰＢ生産券II×1,
龍攻カフIIPB1,龍属性攻撃+3:食事+2,2,カフＰＢ生産券II×1,
龍攻カフIIPB2,龍属性攻撃+3:耐寒+2,2,カフＰＢ生産券II×1,
弾調カフIIPB1,弾調合+3:気まぐれ+2,2,カフＰＢ生産券II×1,
弾調カフIIPB2,弾調合+3:通常弾追加+2,2,カフＰＢ生産券II×1,
強貫カフIIPB1,貫通弾強化+3:連射+2,2,カフＰＢ生産券II×1,
強貫カフIIPB2,貫通弾強化+3:貫通弾追加+2,2,カフＰＢ生産券II×1,
回避カフIIPB1,回避性能+3:風圧+2,2,カフＰＢ生産券II×1,
回避カフIIPB2,回避性能+3:麻痺+2,2,カフＰＢ生産券II×1,
密射カフIIPB1,精密射撃+3:反動+2,2,カフＰＢ生産券II×1,
密射カフIIPB2,精密射撃+3:調合成功率+2,2,カフＰＢ生産券II×1,
斬味カフIIPB1,斬れ味+3:研ぎ師+2,2,カフＰＢ生産券II×1,
斬味カフIIPB2,斬れ味+3:龍属性攻撃+2,2,カフＰＢ生産券II×1,
研師カフIIPB1,研ぎ師+3:根性+2,2,カフＰＢ生産券II×1,
研師カフIIPB2,研ぎ師+3:氷属性攻撃+2,2,カフＰＢ生産券II×1,
風圧カフIIPB1,風圧+3:高速設置+2,2,カフＰＢ生産券II×1,
風圧カフIIPB2,風圧+3:水属性攻撃+2,2,カフＰＢ生産券II×1,
爆剣カフIIPB1,爆撃剣+3:全耐性UP+2,2,カフＰＢ生産券II×1,
爆剣カフIIPB2,爆撃剣+3:防御+2,2,カフＰＢ生産券II×1,
火剣カフIIPB1,火炎剣+3:火属性攻撃+2,2,カフＰＢ生産券II×1,
火剣カフIIPB2,火炎剣+3:全耐性UP+2,2,カフＰＢ生産券II×1,
水剣カフIIPB1,水激剣+3:水属性攻撃+2,2,カフＰＢ生産券II×1,
水剣カフIIPB2,水激剣+3:全耐性UP+2,2,カフＰＢ生産券II×1,
雷剣カフIIPB1,雷神剣+3:雷属性攻撃+2,2,カフＰＢ生産券II×1,
雷剣カフIIPB2,雷神剣+3:全耐性UP+2,2,カフＰＢ生産券II×1,
氷剣カフIIPB1,氷結剣+3:氷属性攻撃+2,2,カフＰＢ生産券II×1,
氷剣カフIIPB2,氷結剣+3:全耐性UP+2,2,カフＰＢ生産券II×1,
龍剣カフIIPB1,龍王剣+3:龍属性攻撃+2,2,カフＰＢ生産券II×1,
龍剣カフIIPB2,龍王剣+3:全耐性UP+2,2,カフＰＢ生産券II×1,
特攻カフIIPB1,特殊攻撃+3:回避性能+2,2,カフＰＢ生産券II×1,
特攻カフIIPB2,特殊攻撃+3:食事+2,2,カフＰＢ生産券II×1,
属攻カフIIPB1,属性攻撃+3:風圧+2,2,カフＰＢ生産券II×1,
属攻カフIIPB2,属性攻撃+3:火属性攻撃+2,2,カフＰＢ生産券II×1,
属攻カフIIPB3,属性攻撃+3:水属性攻撃+2,2,カフＰＢ生産券II×1,
属攻カフIIPB4,属性攻撃+3:雷属性攻撃+2,2,カフＰＢ生産券II×1,
属攻カフIIPB5,属性攻撃+3:氷属性攻撃+2,2,カフＰＢ生産券II×1,
属攻カフIIPB6,属性攻撃+3:龍属性攻撃+2,2,カフＰＢ生産券II×1,
気回カフIIPB1,気力回復+3:断食+2,2,カフＰＢ生産券II×1,
気回カフIIPB2,気力回復+3:運搬+2,2,カフＰＢ生産券II×1,
武捌カフIIPB1,武器捌き+3:回避性能+2,2,カフＰＢ生産券II×1,
武捌カフIIPB2,武器捌き+3:耐震+2,2,カフＰＢ生産券II×1,
食事カフIIPB1,食事+3:広域+2,2,カフＰＢ生産券II×1,
食事カフIIPB2,食事+3:はらへり+2,2,カフＰＢ生産券II×1,
食事カフIIPB3,食事+3:運搬+2,2,カフＰＢ生産券II×1,
食事カフIIPB4,食事+3:反動+2,2,カフＰＢ生産券II×1,
耐震カフIIPB1,耐震+3:地形+2,2,カフＰＢ生産券II×1,
耐震カフIIPB2,耐震+3:千里眼+2,2,カフＰＢ生産券II×1,
耐震カフIIPB3,耐震+3:毒+2,2,カフＰＢ生産券II×1,
耐震カフIIPB4,耐震+3:気絶+2,2,カフＰＢ生産券II×1,
調合カフIIPB1,調合成功率+3:弾調合+2,2,カフＰＢ生産券II×1,
調合カフIIPB2,調合成功率+3:龍耐性+2,2,カフＰＢ生産券II×1,
調合カフIIPB3,調合成功率+3:効果持続+2,2,カフＰＢ生産券II×1,
調合カフIIPB4,調合成功率+3:回復+2,2,カフＰＢ生産券II×1,
痺剣カフIIPB1,麻痺剣+3:回避性能+2,2,カフＰＢ生産券II×1,
痺剣カフIIPB2,麻痺剣+3:風圧+2,2,カフＰＢ生産券II×1,
痺剣カフIIPB3,麻痺剣+3:審判+2,2,カフＰＢ生産券II×1,
スタカフIIPB3,スタミナ+3:ガード性能+2,2,カフＰＢ生産券II×1,
スタカフIIPB4,スタミナ+3:気絶+2,2,カフＰＢ生産券II×1,
スタカフIIPB5,スタミナ+3:麻痺+2,2,カフＰＢ生産券II×1,
耐震カフIIPB5,耐震+3:連射+2,2,カフＰＢ生産券II×1,
耐震カフIIPB6,耐震+3:ガード性能+2,2,カフＰＢ生産券II×1,
耐震カフIIPB7,耐震+3:審判+2,2,カフＰＢ生産券II×1,
密射カフIIPB3,精密射撃+3:底力+2,2,カフＰＢ生産券II×1,
密射カフIIPB4,精密射撃+3:回復+2,2,カフＰＢ生産券II×1,
密射カフIIPB5,精密射撃+3:地形+2,2,カフＰＢ生産券II×1,
対防カフIIPB1,対防御DOWN+3:気絶+2,2,カフＰＢ生産券II×1,
対防カフIIPB2,対防御DOWN+3:地形+2,2,カフＰＢ生産券II×1,
対防カフIIPB3,対防御DOWN+3:全耐性UP+2,2,カフＰＢ生産券II×1,
爆剣カフIIPB3,爆撃剣+3:気絶+2,2,カフＰＢ生産券II×1,
爆剣カフIIPB4,爆撃剣+3:絆+2,2,カフＰＢ生産券II×1,
爆剣カフIIPB5,爆撃剣+3:受け身+2,2,カフＰＢ生産券II×1,
労りカフIIPB1,いたわり+3:食事+2,2,カフＰＢ生産券II×1,
労りカフIIPB2,いたわり+3:調合成功率+2,2,カフＰＢ生産券II×1,
労りカフIIPB3,いたわり+3:回復+2,2,カフＰＢ生産券II×1,
広域カフIIPB1,広域+3:気まぐれ+2,2,カフＰＢ生産券II×1,
広域カフIIPB2,広域+3:地形+2,2,カフＰＢ生産券II×1,
広域カフIIPB3,広域+3:体力+2,2,カフＰＢ生産券II×1,
溜短カフIIPB1,溜め短縮+3:風圧+2,2,特別イベント,0
溜短カフIIPB2,溜め短縮+3:食事+2,2,特別イベント,0
食事カフIIPB5,食事+3:砲術師+2,2,特別イベント,0
装填カフIIPB1,装填+3:麻痺+2,2,カフＰＢ生産券II×1,
装填カフIIPB2,装填+3:気絶+2,2,カフＰＢ生産券II×1,
装填カフIIPB3,装填+3:毒+2,2,カフＰＢ生産券II×1,
眠剣カフIIPB1,睡眠剣+3:特殊攻撃+2,2,カフＰＢ生産券II×1,
眠剣カフIIPB2,睡眠剣+3:はらへり+2,2,カフＰＢ生産券II×1,
眠剣カフIIPB3,睡眠剣+3:審判+2,2,カフＰＢ生産券II×1,
溜短カフIIPB3,溜め短縮+3:広域+2,2,カフＰＢ生産券II×1,
溜短カフIIPB4,溜め短縮+3:運搬+2,2,カフＰＢ生産券II×1,
溜短カフIIPB5,溜め短縮+3:全耐性UP+3,2,カフＰＢ生産券II×1,
小刀カフIIPB1,ナイフ使い+3:睡眠+2,2,カフＰＢ生産券II×1,
小刀カフIIPB2,ナイフ使い+3:脱臭+2,2,カフＰＢ生産券II×1,
小刀カフIIPB3,ナイフ使い+3:耐雪+2,2,カフＰＢ生産券II×1,
追貫カフIIPB1,貫通弾追加+3:気配+2,2,カフＰＢ生産券II×1,
追貫カフIIPB2,貫通弾追加+3:体力+2,2,カフＰＢ生産券II×1,
追貫カフIIPB3,貫通弾追加+3:回復速度+2,2,カフＰＢ生産券II×1,
速収カフIIPB1,高速収集+3:自動防御+2,2,カフＰＢ生産券II×1,
速収カフIIPB2,高速収集+3:投擲+2,2,カフＰＢ生産券II×1,
速収カフIIPB3,高速収集+3:通常弾追加+2,2,カフＰＢ生産券II×1,
気紛カフIIPB1,気まぐれ+3:貫通弾追加+2,2,カフＰＢ生産券II×1,
気紛カフIIPB2,気まぐれ+3:散弾追加+2,2,カフＰＢ生産券II×1,
気紛カフIIPB3,気まぐれ+3:榴弾追加+2,2,カフＰＢ生産券II×1,
匠カフIIPB1,匠+2:ナイフ使い+2,2,カフＰＢ生産券II×1,
匠カフIIPB2,匠+2:いたわり+2,2,カフＰＢ生産券II×1,
匠カフIIPB3,匠+2:対防御DOWN+2,2,カフＰＢ生産券II×1,
装填カフIIPＢ4,装填+3:回避性能+2,2,カフＰＢ生産券II×1,0
装填カフIIPＢ5,装填+3:風圧+2,2,カフＰＢ生産券II×1,0
装填カフIIPＢ6,装填+3:審判+2,2,カフＰＢ生産券II×1,0
痺剣カフIIPＢ4,麻痺剣+3:ガード性能+2,2,カフＰＢ生産券II×1,0
痺剣カフIIPＢ5,麻痺剣+3:気絶+2,2,カフＰＢ生産券II×1,0
痺剣カフIIPＢ6,麻痺剣+3:麻痺+2,2,カフＰＢ生産券II×1,0
溜短カフIIPＢ6,溜め短縮+3:連射+2,2,カフＰＢ生産券II×1,0
溜短カフIIPＢ7,溜め短縮+3:ガード性能+2,2,カフＰＢ生産券II×1,0
溜短カフIIPＢ8,溜め短縮+3:審判+2,2,カフＰＢ生産券II×1,0
小刀カフIIPＢ4,ナイフ使い+3:底力+2,2,カフＰＢ生産券II×1,0
小刀カフIIPＢ5,ナイフ使い+3:回復+2,2,カフＰＢ生産券II×1,0
小刀カフIIPＢ6,ナイフ使い+3:地形+2,2,カフＰＢ生産券II×1,0
追貫カフIIPＢ4,貫通弾追加+3:気絶+2,2,カフＰＢ生産券II×1,0
追貫カフIIPＢ5,貫通弾追加+3:地形+2,2,カフＰＢ生産券II×1,0
追貫カフIIPＢ6,貫通弾追加+3:全耐性UP+2,2,カフＰＢ生産券II×1,0
速収カフIIPＢ4,高速収集+3:気絶+2,2,カフＰＢ生産券II×1,0
速収カフIIPＢ5,高速収集+3:絆+2,2,カフＰＢ生産券II×1,0
速収カフIIPＢ6,高速収集+3:受け身+2,2,カフＰＢ生産券II×1,0
気紛カフIIPＢ4,気まぐれ+3:食事+2,2,カフＰＢ生産券II×1,0
気紛カフIIPＢ5,気まぐれ+3:脱臭+2,2,カフＰＢ生産券II×1,0
気紛カフIIPＢ6,気まぐれ+3:回復+2,2,カフＰＢ生産券II×1,0
匠カフIIPＢ4,匠+2:気まぐれ+2,2,カフＰＢ生産券II×1,0
匠カフIIPＢ5,匠+2:地形+2,2,カフＰＢ生産券II×1,0
匠カフIIPＢ6,匠+2:体術+2,2,カフＰＢ生産券II×1,0
研ぎ師カフPC1,研ぎ師+2,1,カフＰＣ生産券×1,0
研ぎ師カフPC2,研ぎ師+1:防御+1,1,カフＰＣ生産券×1,0
研ぎ師カフPC3,研ぎ師+1:ひらめき+1,1,カフＰＣ生産券×1,0
研ぎ師カフPC4,研ぎ師+1:防御-10,1,カフＰＣ生産券×1,0
連射カフPC1,連射+2,1,カフＰＣ生産券×1,0
連射カフPC2,連射+1:麻痺瓶追加+1,1,カフＰＣ生産券×1,0
連射カフPC3,連射+1:睡眠瓶追加+1,1,カフＰＣ生産券×1,0
連射カフPC4,連射+1:とんずら-10,1,カフＰＣ生産券×1,0
貫弾強カフPC1,貫通弾強化+2,1,カフＰＣ生産券×1,0
貫弾強カフPC2,貫通弾強化+1:爆弾強化+1,1,カフＰＣ生産券×1,0
貫弾強カフPC3,貫通弾強化+1:麻痺瓶追加+1,1,カフＰＣ生産券×1,0
貫弾強カフPC4,貫通弾強化+1:モンスター-10,1,カフＰＣ生産券×1,0
散弾強カフPC1,散弾強化+2,1,カフＰＣ生産券×1,0
散弾強カフPC2,散弾強化+1:榴弾追加+1,1,カフＰＣ生産券×1,0
散弾強カフPC3,散弾強化+1:拡散弾追加+1,1,カフＰＣ生産券×1,0
散弾強カフPC4,散弾強化+1:耐雪-10,1,カフＰＣ生産券×1,0
スタカフPC1,スタミナ+2,1,カフＰＣ生産券×1,0
スタカフPC2,スタミナ+1:耐暑+1,1,カフＰＣ生産券×1,0
スタカフPC3,スタミナ+1:耐雪+1,1,カフＰＣ生産券×1,0
スタカフPC4,スタミナ+1:投擲-10,1,カフＰＣ生産券×1,0
装填数カフPC1,装填数+2,1,カフＰＣ生産券×1,0
装填数カフPC2,装填数+1:睡眠瓶追加+1,1,カフＰＣ生産券×1,0
装填数カフPC3,装填数+1:散弾追加+1,1,カフＰＣ生産券×1,0
装填数カフPC4,装填数+1:体力-10,1,カフＰＣ生産券×1,0
斬れ味カフPC1,斬れ味+2,1,カフＰＣ生産券×1,0
斬れ味カフPC2,斬れ味+1:防御+1,1,カフＰＣ生産券×1,0
斬れ味カフPC3,斬れ味+1:耐暑+1,1,カフＰＣ生産券×1,0
斬れ味カフPC4,斬れ味+1:気配-10,1,カフＰＣ生産券×1,0
ガ性能カフPC1,ガード性能+2,1,カフＰＣ生産券×1,0
ガ性能カフPC2,ガード性能+1:盗み無効+1,1,カフＰＣ生産券×1,0
ガ性能カフPC3,ガード性能+1:自動防御+1,1,カフＰＣ生産券×1,0
ガ性能カフPC4,ガード性能+1:ひらめき-10,1,カフＰＣ生産券×1,0
回避カフPC1,回避性能+2,1,カフＰＣ生産券×1,0
回避カフPC2,回避性能+1:耐寒+1,1,カフＰＣ生産券×1,0
回避カフPC3,回避性能+1:気配+1,1,カフＰＣ生産券×1,0
回避カフPC4,回避性能+1:水属性攻撃-10,1,カフＰＣ生産券×1,0
底力カフPC1,底力+2,1,カフＰＣ生産券×1,0
底力カフPC2,底力+1:とんずら+1,1,カフＰＣ生産券×1,0
底力カフPC3,底力+1:ひらめき+1,1,カフＰＣ生産券×1,0
底力カフPC4,底力+1:雷属性攻撃-10,1,カフＰＣ生産券×1,0
気まぐカフPC1,気まぐれ+2:錬金術+1,1,カフＰＣ生産券×1,0
気まぐカフPC2,気まぐれ+1:盗み無効+1:圧力+1,1,カフＰＣ生産券×1,0
気まぐカフPC3,気まぐれ+1:錬金術+1:捕獲上手+1,1,カフＰＣ生産券×1,0
気まぐカフPC4,気まぐれ+1:氷属性攻撃-10:地図+1,1,カフＰＣ生産券×1,0
回復カフPC1,回復+2:耐暑+1,1,カフＰＣ生産券×1,0
回復カフPC2,回復+1:回復速度+1:食いしん坊+1,1,カフＰＣ生産券×1,0
回復カフPC3,回復+1:体力+1:爆弾強化+1,1,カフＰＣ生産券×1,0
回復カフPC4,回復+1:火属性攻撃-10:自動防御+1,1,カフＰＣ生産券×1,0
調合成カフPC1,調合成功率+2:錬金術+1,1,カフＰＣ生産券×1,0
調合成カフPC2,調合成功率+1:爆弾強化+1:投擲+1,1,カフＰＣ生産券×1,0
調合成カフPC3,調合成功率+1:肉焼き+1:体術+1,1,カフＰＣ生産券×1,0
調合成カフPC4,調合成功率+1:強肩-10:耐暑+1,1,カフＰＣ生産券×1,0
弾調合カフPC1,弾調合+2:通常弾追加+1,1,カフＰＣ生産券×1,0
弾調合カフPC2,弾調合+1:爆弾強化+1:榴弾追加+1,1,カフＰＣ生産券×1,0
弾調合カフPC3,弾調合+1:捕獲上手+1:拡散弾追加+1,1,カフＰＣ生産券×1,0
弾調合カフPC4,弾調合+1:体術-10:散弾追加+1,1,カフＰＣ生産券×1,0
効果持カフPC1,効果持続+2:肉焼き+1,1,カフＰＣ生産券×1,0
効果持カフPC2,効果持続+1:回復速度+1:食いしん坊+1,1,カフＰＣ生産券×1,0
効果持カフPC3,効果持続+1:体力+1:盗み無効+1,1,カフＰＣ生産券×1,0
効果持カフPC4,効果持続+1:広域-10:耐暑+1,1,カフＰＣ生産券×1,0
火攻撃カフPC1,火属性攻撃+2:爆弾強化+1,1,カフＰＣ生産券×1,0
火攻撃カフPC2,火属性攻撃+1:火耐性+1:睡眠+1,1,カフＰＣ生産券×1,0
火攻撃カフPC3,火属性攻撃+1:耐暑+1:肉焼き+1,1,カフＰＣ生産券×1,0
火攻撃カフPC4,火属性攻撃+1:脱臭-10:とんずら+1,1,カフＰＣ生産券×1,0
水攻撃カフPC1,水属性攻撃+2:釣り+1,1,カフＰＣ生産券×1,0
水攻撃カフPC2,水属性攻撃+1:水耐性+1:脱臭+1,1,カフＰＣ生産券×1,0
水攻撃カフPC3,水属性攻撃+1:耐寒+1:釣り+1,1,カフＰＣ生産券×1,0
水攻撃カフPC4,水属性攻撃+1:回復速度-10:ひらめき+1,1,カフＰＣ生産券×1,0
雷攻撃カフPC1,雷属性攻撃+2:錬金術+1,1,カフＰＣ生産券×1,0
雷攻撃カフPC2,雷属性攻撃+1:雷耐性+1:投擲+1,1,カフＰＣ生産券×1,0
雷攻撃カフPC3,雷属性攻撃+1:錬金術+1:声帯+1,1,カフＰＣ生産券×1,0
雷攻撃カフPC4,雷属性攻撃+1:自動防御-10:強肩+1,1,カフＰＣ生産券×1,0
氷攻撃カフPC1,氷属性攻撃+2:声帯+1,1,カフＰＣ生産券×1,0
氷攻撃カフPC2,氷属性攻撃+1:氷耐性+1:盗み無効+1,1,カフＰＣ生産券×1,0
氷攻撃カフPC3,氷属性攻撃+1:耐雪+1:錬金術+1,1,カフＰＣ生産券×1,0
氷攻撃カフPC4,氷属性攻撃+1:釣り-10:捕獲上手+1,1,カフＰＣ生産券×1,0
龍攻撃カフPC1,龍属性攻撃+2:防御+1,1,カフＰＣ生産券×1,0
龍攻撃カフPC2,龍属性攻撃+1:防御+1:気配+1,1,カフＰＣ生産券×1,0
龍攻撃カフPC3,龍属性攻撃+1:モンスター+1:地図+1,1,カフＰＣ生産券×1,0
龍攻撃カフPC4,龍属性攻撃+1:投擲-10:圧力+1,1,カフＰＣ生産券×1,0
反動カフPC1,反動+2,1,カフＰＣ生産券×1,0
反動カフPC2,反動+1:通常弾追加+1,1,カフＰＣ生産券×1,0
反動カフPC3,反動+1:散弾追加+1,1,カフＰＣ生産券×1,0
反動カフPC4,反動+1:審判-10,1,カフＰＣ生産券×1,0
通弾強カフPC1,通常弾強化+2,1,カフＰＣ生産券×1,0
通弾強カフPC2,通常弾強化+1:通常弾追加+1,1,カフＰＣ生産券×1,0
通弾強カフPC3,通常弾強化+1:とんずら+1,1,カフＰＣ生産券×1,0
通弾強カフPC4,通常弾強化+1:防御-10,1,カフＰＣ生産券×1,0
特殊攻カフPC1,特殊攻撃+2,1,カフＰＣ生産券×1,0
特殊攻カフPC2,特殊攻撃+1:回復速度+1,1,カフＰＣ生産券×1,0
特殊攻カフPC3,特殊攻撃+1:体術+1,1,カフＰＣ生産券×1,0
特殊攻カフPC4,特殊攻撃+1:はらへり-10,1,カフＰＣ生産券×1,0
審判カフPC1,審判+2,1,カフＰＣ生産券×1,0
審判カフPC2,審判+1:防御+1,1,カフＰＣ生産券×1,0
審判カフPC3,審判+1:体力+1,1,カフＰＣ生産券×1,0
審判カフPC4,審判+1:笛吹き名人-10,1,カフＰＣ生産券×1,0
風圧カフPC1,風圧+2,1,カフＰＣ生産券×1,0
風圧カフPC2,風圧+1:自動防御+1,1,カフＰＣ生産券×1,0
風圧カフPC3,風圧+1:気配+1,1,カフＰＣ生産券×1,0
風圧カフPC4,風圧+1:千里眼-10,1,カフＰＣ生産券×1,0
砲術師カフPC1,砲術師+2:爆弾強化+1,1,カフＰＣ生産券×1,0
砲術師カフPC2,砲術師+1:耐寒+1:体力+1,1,カフＰＣ生産券×1,0
砲術師カフPC3,砲術師+1:耐暑+1:防御+1,1,カフＰＣ生産券×1,0
砲術師カフPC4,砲術師+1:気配-10:自動防御+1,1,カフＰＣ生産券×1,0
高速収カフPC1,高速収集+2:地図+1,1,カフＰＣ生産券×1,0
高速収カフPC2,高速収集+1:体力+1:盗み無効+1,1,カフＰＣ生産券×1,0
高速収カフPC3,高速収集+1:肉焼き+1:釣り+1,1,カフＰＣ生産券×1,0
高速収カフPC4,高速収集+1:火耐性-10:錬金術+1,1,カフＰＣ生産券×1,0
龍耐性カフPC1,龍耐性+2:モンスター+1,1,カフＰＣ生産券×1,0
龍耐性カフPC2,龍耐性+1:強肩+1:食いしん坊+1,1,カフＰＣ生産券×1,0
龍耐性カフPC3,龍耐性+1:圧力+1:地図+1,1,カフＰＣ生産券×1,0
龍耐性カフPC4,龍耐性+1:気絶-10:投擲+1,1,カフＰＣ生産券×1,0
運搬カフPC1,運搬+2:脱臭+1,1,カフＰＣ生産券×1,0
運搬カフPC2,運搬+1:ひらめき+1:盗み無効+1,1,カフＰＣ生産券×1,0
運搬カフPC3,運搬+1:体術+1:声帯+1,1,カフＰＣ生産券×1,0
運搬カフPC4,運搬+1:散弾追加-10:食いしん坊+1,1,カフＰＣ生産券×1,0
受け身カフPC1,受け身+2:脱臭+1,1,カフＰＣ生産券×1,0
受け身カフPC2,受け身+1:とんずら+1:睡眠+1,1,カフＰＣ生産券×1,0
受け身カフPC3,受け身+1:強肩+1:水耐性+1,1,カフＰＣ生産券×1,0
受け身カフPC4,受け身+1:氷耐性-10:声帯+1,1,カフＰＣ生産券×1,0
精密射カフPC1,精密射撃+2,1,特別イベント,0
精密射カフPC3,精密射撃+1:散弾追加+1,1,特別イベント,0
精密射カフPC5,精密射撃+1:底力-10,1,特別イベント,0
龍王剣カフPC2,龍王剣+1:龍耐性+1:防御+1,1,特別イベント,0
龍王剣カフPC4,龍王剣+1:耐震+1:圧力+1,1,特別イベント,0
溜短縮カフPC1,溜め短縮+2,1,カフＰＣ生産券×1,0
溜短縮カフPC2,溜め短縮+1:ひらめき+1,1,カフＰＣ生産券×1,0
溜短縮カフPC3,溜め短縮+1:とんずら+1,1,カフＰＣ生産券×1,0
溜短縮カフPC4,溜め短縮+1:体術+1,1,カフＰＣ生産券×1,0
溜短縮カフPC5,溜め短縮+1:麻痺-10,1,カフＰＣ生産券×1,0
装填カフPC1,装填+2,1,カフＰＣ生産券×1,0
装填カフPC2,装填+1:耐暑+1,1,カフＰＣ生産券×1,0
装填カフPC3,装填+1:耐寒+1,1,カフＰＣ生産券×1,0
装填カフPC4,装填+1:耐雪+1,1,カフＰＣ生産券×1,0
装填カフPC5,装填+1:審判-10,1,カフＰＣ生産券×1,0
断食カフPC1,断食+2,1,カフＰＣ生産券×1,0
断食カフPC2,断食+1:とんずら+1,1,カフＰＣ生産券×1,0
断食カフPC3,断食+1:捕獲上手+1,1,カフＰＣ生産券×1,0
断食カフPC4,断食+1:気配+1,1,カフＰＣ生産券×1,0
断食カフPC5,断食+1:ガード性能-10,1,カフＰＣ生産券×1,0
猛毒剣カフPC1,猛毒剣+2,1,カフＰＣ生産券×1,0
猛毒剣カフPC2,猛毒剣+1:体力+1,1,カフＰＣ生産券×1,0
猛毒剣カフPC3,猛毒剣+1:自動防御+1,1,カフＰＣ生産券×1,0
猛毒剣カフPC4,猛毒剣+1:防御+1,1,カフＰＣ生産券×1,0
猛毒剣カフPC5,猛毒剣+1:運搬-10,1,カフＰＣ生産券×1,0
地形カフPC1,地形+2:耐雪+1,1,カフＰＣ生産券×1,0
地形カフPC2,地形+1:耐寒+1:雷耐性+1,1,カフＰＣ生産券×1,0
地形カフPC3,地形+1:耐暑+1:氷耐性+1,1,カフＰＣ生産券×1,0
地形カフPC4,地形+1:爆撃剣-10:火耐性+1,1,カフＰＣ生産券×1,0
耐震カフPC1,耐震+2:防御+1,1,カフＰＣ生産券×1,0
耐震カフPC2,耐震+1:睡眠+1:盗み無効+1,1,カフＰＣ生産券×1,0
耐震カフPC3,耐震+1:地図+1:声帯+1,1,カフＰＣ生産券×1,0
耐震カフPC4,耐震+1:絆-10:錬金術+1,1,カフＰＣ生産券×1,0
笛名人カフPC1,笛吹き名人+2:モンスター+1,1,カフＰＣ生産券×1,0
笛名人カフPC2,笛吹き名人+1:気配+1:爆弾強化+1,1,カフＰＣ生産券×1,0
笛名人カフPC3,笛吹き名人+1:とんずら+1:強肩+1,1,カフＰＣ生産券×1,0
笛名人カフPC4,笛吹き名人+1:龍属性攻撃-10:捕獲上手+1,1,カフＰＣ生産券×1,0
絆カフPC1,絆+2:回復速度+1,1,カフＰＣ生産券×1,0
絆カフPC2,絆+1:防御+1:体力+1,1,カフＰＣ生産券×1,0
絆カフPC3,絆+1:脱臭+1:地図+1,1,カフＰＣ生産券×1,0
絆カフPC4,絆+1:受け身-10:食いしん坊+1,1,カフＰＣ生産券×1,0
効果持カフPC5,効果持続+2:盗み無効+1,1,カフＰＣ生産券×1,0
効果持カフPC6,効果持続+1:火耐性+1:雷耐性+1,1,カフＰＣ生産券×1,0
効果持カフPC7,効果持続+1:水耐性+1:氷耐性+1,1,カフＰＣ生産券×1,0
効果持カフPC8,効果持続+1:気絶-10:睡眠+1,1,カフＰＣ生産券×1,0
スタカフPC5,スタミナ+1:睡眠+1,1,カフの素・Ｎ×10,0
腹へりカフPC1,はらへり+2:釣り+1,1,カフの素・Ｎ×10,0
匠カフPC1,匠+1:防御+1,1,カフＰＣ生産券×1,0
匠カフPC2,匠+1:爆弾強化+1,1,カフＰＣ生産券×1,0
匠カフPC3,匠+1:体力+1,1,カフＰＣ生産券×1,0
匠カフPC4,匠+1:とんずら+1,1,カフＰＣ生産券×1,0
匠カフPC5,匠+1:地図-10,1,カフＰＣ生産券×1,0
スタカフPC6,スタミナ+1:モンスター+1,1,カフＰＣ生産券×1,0
スタカフPC7,スタミナ+1:声帯+1,1,カフＰＣ生産券×1,0
スタカフPC8,スタミナ+1:地図+1,1,カフＰＣ生産券×1,0
スタカフPC9,スタミナ+1:耐寒+1,1,カフＰＣ生産券×1,0
スタカフPC10,スタミナ+1:声帯-10,1,カフＰＣ生産券×1,0
装填数カフPC5,装填数+1:通常弾追加+1,1,カフＰＣ生産券×1,0
装填数カフPC6,装填数+1:爆弾強化+1,1,カフＰＣ生産券×1,0
装填数カフPC7,装填数+1:榴弾追加+1,1,カフＰＣ生産券×1,0
装填数カフPC8,装填数+1:拡散弾追加+1,1,カフＰＣ生産券×1,0
装填数カフPC9,装填数+1:投擲-10,1,カフＰＣ生産券×1,0
断食カフPC6,断食+1:体力+1,1,カフＰＣ生産券×1,0
断食カフPC7,断食+1:耐雪+1,1,カフＰＣ生産券×1,0
断食カフPC8,断食+1:気まぐれ-10,1,カフＰＣ生産券×1,0
斬れ味カフPC5,斬れ味+1:爆弾強化+1,1,カフＰＣ生産券×1,0
斬れ味カフPC6,斬れ味+1:とんずら+1,1,カフＰＣ生産券×1,0
斬れ味カフPC7,斬れ味+1:全耐性UP-10,1,カフの素・Ｎ×10,0
回復カフPC6,回復+2:水耐性+1,1,カフＰＣ生産券×1,0
回復カフPC7,回復+2:氷耐性+1,1,カフＰＣ生産券×1,0
回復カフPC8,回復+2:雷耐性+1,1,カフＰＣ生産券×1,0
麻痺カフPC1,麻痺+2:耐暑+1,1,カフＰＣ生産券×1,0
麻痺カフPC2,麻痺+2:耐寒+1,1,カフＰＣ生産券×1,0
麻痺カフPC3,麻痺+2:脱臭+1,1,カフＰＣ生産券×1,0
麻痺カフPC4,麻痺+2:耐雪+1,1,カフＰＣ生産券×1,0
気絶カフPC1,気絶+2:投擲+1,1,カフＰＣ生産券×1,0
気絶カフPC2,気絶+2:盗み無効+1,1,カフＰＣ生産券×1,0
気絶カフPC3,気絶+2:錬金術+1,1,カフＰＣ生産券×1,0
気絶カフPC4,気絶+2:釣り+1,1,カフＰＣ生産券×1,0
毒カフPC1,毒+2:ひらめき+1,1,カフＰＣ生産券×1,0
毒カフPC2,毒+2:圧力+1,1,カフＰＣ生産券×1,0
毒カフPC3,毒+2:強肩+1,1,カフＰＣ生産券×1,0
毒カフPC4,毒+2:体術+1,1,カフＰＣ生産券×1,0
龍耐性カフPC5,龍耐性+2:防御+1,1,カフＰＣ生産券×1,0
龍耐性カフPC6,龍耐性+2:盗み無効+1,1,カフＰＣ生産券×1,0
龍耐性カフPC7,龍耐性+2:声帯+1,1,カフＰＣ生産券×1,0
腹へりカフPC2,はらへり+2:体力+1,1,カフＰＣ生産券×1,0
腹へりカフPC3,はらへり+2:強肩+1,1,カフＰＣ生産券×1,0
腹へりカフPC4,はらへり+2:肉焼き+1,1,カフの素・Ｎ×10,0
根性カフPC1,根性+1:自動防御+1,1,カフＰＣ生産券×1,0
根性カフPC2,根性+1:とんずら+1,1,カフＰＣ生産券×1,0
根性カフPC3,根性+1:ひらめき+1,1,カフＰＣ生産券×1,0
根性カフPC4,根性+1:弾調合-10,1,カフＰＣ生産券×1,0
高速設カフPC1,高速設置+1:体力+1,1,カフＰＣ生産券×1,0
高速設カフPC2,高速設置+1:防御+1,1,カフＰＣ生産券×1,0
高速設カフPC3,高速設置+1:とんずら+1,1,カフＰＣ生産券×1,0
高速設カフPC4,高速設置+1:笛吹き名人-10,1,カフＰＣ生産券×1,0
睡眠剣カフPC1,睡眠剣+1:耐寒+1,1,カフＰＣ生産券×1,0
睡眠剣カフPC2,睡眠剣+1:体力+1,1,カフＰＣ生産券×1,0
睡眠剣カフPC3,睡眠剣+1:回復速度+1,1,カフＰＣ生産券×1,0
睡眠剣カフPC4,睡眠剣+1:自動防御-10,1,カフＰＣ生産券×1,0
匠カフPC6,匠+1:捕獲上手+1,1,カフＰＣ生産券×1,0
匠カフPC7,匠+1:ひらめき+1,1,カフＰＣ生産券×1,0
匠カフPC8,匠+1:耐雪+1,1,カフＰＣ生産券×1,0
匠カフPC9,匠+1:剥ぎ取り-10,1,カフＰＣ生産券×1,0
断食カフPC9,断食+1:睡眠+1,1,カフＰＣ生産券×1,0
断食カフPC10,断食+1:圧力+1,1,カフＰＣ生産券×1,0
断食カフPC11,断食+1:脱臭+1,1,カフＰＣ生産券×1,0
断食カフPC12,断食+1:防御+1,1,カフＰＣ生産券×1,0
広域カフPC1,広域+2:体力+1,1,カフＰＣ生産券×1,0
広域カフPC2,広域+1:回復速度+1:地図+1,1,カフＰＣ生産券×1,0
広域カフPC3,広域+1:食いしん坊+1:声帯+1,1,カフＰＣ生産券×1,0
広域カフPC4,広域+1:とんずら+1:捕獲上手+1,1,カフＰＣ生産券×1,0
広域カフPC5,広域+1:回避性能-10:耐雪+1,1,カフＰＣ生産券×1,0
全耐性カフPC1,全耐性UP+2:耐暑+1,1,カフＰＣ生産券×1,0
全耐性カフPC2,全耐性UP+1:耐寒+1:体力+1,1,カフＰＣ生産券×1,0
全耐性カフPC3,全耐性UP+1:耐雪+1:防御+1,1,カフＰＣ生産券×1,0
全耐性カフPC4,全耐性UP+1:脱臭+1:モンスター+1,1,カフＰＣ生産券×1,0
全耐性カフPC5,全耐性UP+1:研ぎ師-10:声帯+1,1,カフＰＣ生産券×1,0
食事カフPC1,食事+2:防御+1,1,カフＰＣ生産券×1,0
食事カフPC2,食事+1:耐雪+1:錬金術+1,1,カフＰＣ生産券×1,0
食事カフPC3,食事+1:脱臭+1:ひらめき+1,1,カフＰＣ生産券×1,0
食事カフPC4,食事+1:捕獲上手+1:圧力+1,1,カフＰＣ生産券×1,0
食事カフPC5,食事+1:装填-10:投擲+1,1,カフＰＣ生産券×1,0
調合成カフPC5,調合成功率+1:回復速度+1:火耐性+1,1,カフＰＣ生産券×1,0
調合成カフPC6,調合成功率+1:体力+1:水耐性+1,1,カフＰＣ生産券×1,0
調合成カフPC7,調合成功率+1:耐寒+1:氷耐性+1,1,カフＰＣ生産券×1,0
調合成カフPC8,調合成功率+1:反動-10:雷耐性+1,1,カフＰＣ生産券×1,0
弾調合カフPC5,弾調合+1:圧力+1:毒瓶追加+1,1,カフＰＣ生産券×1,0
弾調合カフPC8,弾調合+1:通常弾強化-10:盗み無効+1,1,特別イベント,0
スタカフPC13,スタミナ+1:食いしん坊+1,1,特別イベント,0
断食カフPC13,断食+1:特殊攻撃-10,1,特別イベント,0
スタカフPC12,スタミナ+1:捕獲上手+1,1,特別イベント,0
スタカフPC15,スタミナ+1:全耐性UP-10,1,特別イベント,0
弾調合カフPC7,弾調合+1:耐寒+1:睡眠瓶追加+1,1,特別イベント,0
千里眼カフPC1,千里眼+1:自動防御+1:睡眠+1,1,特別イベント,0
千里眼カフPC2,千里眼+1:体力+1:耐寒+1,1,特別イベント,0
溜短カフIIPC1,溜め短縮+2:効果持続+1,1,カフＰＣ生産券II×1,
溜短カフIIPC2,溜め短縮+1:地図+2,1,カフＰＣ生産券II×1,
溜短カフIIPC3,溜め短縮+1:麻痺+2,1,カフＰＣ生産券II×1,
根性カフIIPC1,根性+2:回復+1,1,カフＰＣ生産券II×1,
根性カフIIPC2,根性+1:体力+2,1,カフＰＣ生産券II×1,
根性カフIIPC3,根性+1:地形+2,1,カフＰＣ生産券II×1,
高設カフIIPC1,高速設置+2:気絶+1,1,カフＰＣ生産券II×1,
高設カフIIPC2,高速設置+1:錬金術+2,1,カフＰＣ生産券II×1,
高設カフIIPC3,高速設置+1:調合成功率+2,1,カフＰＣ生産券II×1,
痺剣カフIIPC1,麻痺剣+2:気絶+1,1,カフＰＣ生産券II×1,
痺剣カフIIPC2,麻痺剣+1:モンスター+2,1,カフＰＣ生産券II×1,
痺剣カフIIPC3,麻痺剣+1:毒+2,1,カフＰＣ生産券II×1,
毒剣カフIIPC1,猛毒剣+2:麻痺+1,1,カフＰＣ生産券II×1,
毒剣カフIIPC2,猛毒剣+1:声帯+2,1,カフＰＣ生産券II×1,
毒剣カフIIPC3,猛毒剣+1:気絶+2,1,カフＰＣ生産券II×1,
眠剣カフIIPC1,睡眠剣+2:毒+1,1,カフＰＣ生産券II×1,
眠剣カフIIPC2,睡眠剣+1:釣り+2,1,カフＰＣ生産券II×1,
眠剣カフIIPC3,睡眠剣+1:麻痺+2,1,カフＰＣ生産券II×1,
密射カフIIPC1,精密射撃+2:砲術師+1,1,カフＰＣ生産券II×1,
密射カフIIPC2,精密射撃+1:榴弾追加+2,1,カフＰＣ生産券II×1,
密射カフIIPC3,精密射撃+1:弾調合+2,1,カフＰＣ生産券II×1,
填数カフIIPC1,装填数+2:貫通弾追加+1,1,カフＰＣ生産券II×1,
填数カフIIPC2,装填数+1:拡散弾追加+2,1,カフＰＣ生産券II×1,
填数カフIIPC3,装填数+1:調合成功率+2,1,カフＰＣ生産券II×1,
研師カフIIPC1,研ぎ師+2:はらへり+1,1,カフＰＣ生産券II×1,
研師カフIIPC2,研ぎ師+1:回復速度+2,1,カフＰＣ生産券II×1,
研師カフIIPC3,研ぎ師+1:笛吹き名人+2,1,カフＰＣ生産券II×1,
斬味カフIIPC1,斬れ味+2:効果持続+1,1,カフＰＣ生産券II×1,
斬味カフIIPC2,斬れ味+1:防御+2,1,カフＰＣ生産券II×1,
斬味カフIIPC3,斬れ味+1:砲術師+2,1,カフＰＣ生産券II×1,
爆剣カフIIPC1,爆撃剣+1:龍属性攻撃+1:調合成功率+1,1,カフＰＣ生産券II×1,
爆剣カフIIPC2,爆撃剣+1:麻痺+1:回復速度+1,1,カフＰＣ生産券II×1,
爆剣カフIIPC3,爆撃剣+1:盗み無効+2,1,カフＰＣ生産券II×1,
火剣カフIIPC1,火炎剣+1:火属性攻撃+1:効果持続+1,1,カフＰＣ生産券II×1,
火剣カフIIPC2,火炎剣+1:気絶+1:とんずら+1,1,カフＰＣ生産券II×1,
火剣カフIIPC3,火炎剣+1:錬金術+2,1,カフＰＣ生産券II×1,
水剣カフIIPC1,水激剣+1:水属性攻撃+1:地形+1,1,カフＰＣ生産券II×1,
水剣カフIIPC2,水激剣+1:毒+1:圧力+1,1,カフＰＣ生産券II×1,
水剣カフIIPC3,水激剣+1:とんずら+2,1,カフＰＣ生産券II×1,
雷剣カフIIPC1,雷神剣+1:雷属性攻撃+1:耐震+1,1,カフＰＣ生産券II×1,
雷剣カフIIPC2,雷神剣+1:龍耐性+1:投擲+1,1,カフＰＣ生産券II×1,
雷剣カフIIPC3,雷神剣+1:捕獲上手+2,1,カフＰＣ生産券II×1,
氷剣カフIIPC1,氷結剣+1:氷属性攻撃+1:食事+1,1,カフＰＣ生産券II×1,
氷剣カフIIPC2,氷結剣+1:回復+1:盗み無効+1,1,カフＰＣ生産券II×1,
氷剣カフIIPC3,氷結剣+1:肉焼き+2,1,カフＰＣ生産券II×1,
龍剣カフIIPC1,龍王剣+1:龍属性攻撃+1:全耐性UP+1,1,カフＰＣ生産券II×1,
龍剣カフIIPC2,龍王剣+1:食事+1:モンスター+1,1,カフＰＣ生産券II×1,
龍剣カフIIPC3,龍王剣+1:体力+2,1,カフＰＣ生産券II×1,
笛吹カフIIPC1,笛吹き名人+1:運搬+1:はらへり+1,1,カフＰＣ生産券II×1,
笛吹カフIIPC2,笛吹き名人+1:広域+1:釣り+1,1,カフＰＣ生産券II×1,
笛吹カフIIPC3,笛吹き名人+1:気配+2,1,カフＰＣ生産券II×1,
受身カフIIPC1,受け身+1:広域+1:効果持続+1,1,カフＰＣ生産券II×1,
受身カフIIPC2,受け身+1:回復+1:とんずら+1,1,カフＰＣ生産券II×1,
受身カフIIPC3,受け身+1:自動防御+2,1,カフＰＣ生産券II×1,
絆カフIIPC1,絆+1:全耐性UP+1:広域+1,1,カフＰＣ生産券II×1,
絆カフIIPC2,絆+1:砲術師+1:爆弾強化+1,1,カフＰＣ生産券II×1,
絆カフIIPC3,絆+1:防御+2,1,カフＰＣ生産券II×1,
速収カフIIPC1,高速収集+1:はらへり+1:採取+1,1,カフＰＣ生産券II×1,
速収カフIIPC2,高速収集+1:運搬+1:釣り+1,1,カフＰＣ生産券II×1,
速収カフIIPC3,高速収集+1:地図+2,1,カフＰＣ生産券II×1,
ガ性カフIIPC1,ガード性能+2:龍属性攻撃+1,1,カフＰＣ生産券II×1,
ガ性カフIIPC2,ガード性能+1:強肩+2,1,カフＰＣ生産券II×1,
ガ性カフIIPC3,ガード性能+1:はらへり+2,1,カフＰＣ生産券II×1,
装填カフIIPC1,装填+2:調合成功率+1,1,カフＰＣ生産券II×1,
装填カフIIPC2,装填+1:散弾追加+2,1,カフＰＣ生産券II×1,
装填カフIIPC3,装填+1:弾調合+2,1,カフＰＣ生産券II×1,
連射カフIIPC1,連射+2:貫通弾追加+1,1,カフＰＣ生産券II×1,
連射カフIIPC2,連射+1:通常弾追加+2,1,カフＰＣ生産券II×1,
連射カフIIPC3,連射+1:受け身+2,1,カフＰＣ生産券II×1,
反動カフIIPC1,反動+2:全耐性UP+1,1,カフＰＣ生産券II×1,
反動カフIIPC2,反動+1:拡散弾追加+2,1,カフＰＣ生産券II×1,
反動カフIIPC3,反動+1:砲術師+2,1,カフＰＣ生産券II×1,
強散カフIIPC1,散弾強化+2:地形+1,1,カフＰＣ生産券II×1,
強散カフIIPC2,散弾強化+1:榴弾追加+2,1,カフＰＣ生産券II×1,
強散カフIIPC3,散弾強化+1:気絶+2,1,カフＰＣ生産券II×1,
特攻カフIIPC1,特殊攻撃+2:毒+1,1,カフＰＣ生産券II×1,
特攻カフIIPC2,特殊攻撃+1:投擲+2,1,カフＰＣ生産券II×1,
特攻カフIIPC3,特殊攻撃+1:全耐性UP+2,1,カフＰＣ生産券II×1,
断食カフIIPC1,断食+2:絆+1,1,カフＰＣ生産券II×1,
断食カフIIPC2,断食+1:爆弾強化+2,1,カフＰＣ生産券II×1,
断食カフIIPC3,断食+1:回復+2,1,カフＰＣ生産券II×1,
スタカフIIPC1,スタミナ+2:はらへり+1,1,カフＰＣ生産券II×1,
スタカフIIPC2,スタミナ+1:ひらめき+2,1,カフＰＣ生産券II×1,
スタカフIIPC3,スタミナ+1:採取+2,1,カフＰＣ生産券II×1,
底力カフIIPC1,底力+2:耐震+1,1,カフＰＣ生産券II×1,
底力カフIIPC2,底力+1:捕獲上手+2,1,カフＰＣ生産券II×1,
底力カフIIPC3,底力+1:受け身+2,1,カフＰＣ生産券II×1,
回避カフIIPC1,回避性能+2:運搬+1,1,カフＰＣ生産券II×1,
回避カフIIPC2,回避性能+1:とんずら+2,1,カフＰＣ生産券II×1,
回避カフIIPC3,回避性能+1:広域+2,1,カフＰＣ生産券II×1,
麻痺カフIIPC1,麻痺+1:火属性攻撃+1:絆+1,1,カフＰＣ生産券II×1,
麻痺カフIIPC2,麻痺+1:氷属性攻撃+1:防御+1,1,カフＰＣ生産券II×1,
麻痺カフIIPC3,麻痺+1:水耐性+2,1,カフＰＣ生産券II×1,
気絶カフIIPC1,気絶+1:水属性攻撃+1:受け身+1,1,カフＰＣ生産券II×1,
気絶カフIIPC2,気絶+1:龍属性攻撃+1:地図+1,1,カフＰＣ生産券II×1,
気絶カフIIPC3,気絶+1:火耐性+2,1,カフＰＣ生産券II×1,
毒カフIIPC1,毒+1:雷属性攻撃+1:効果持続+1,1,カフＰＣ生産券II×1,
毒カフIIPC2,毒+1:受け身+1:錬金術+1,1,カフＰＣ生産券II×1,
毒カフIIPC3,毒+1:氷耐性+2,1,カフＰＣ生産券II×1,
速収カフIIPC4,高速収集+1:運搬+1:全耐性UP+1,1,カフＰＣ生産券II×1,
速収カフIIPC5,高速収集+1:採取+1:モンスター+1,1,カフＰＣ生産券II×1,
速収カフIIPC6,高速収集+1:雷耐性+2,1,カフＰＣ生産券II×1,
千里カフIIPC1,千里眼+1:地形+1:龍耐性+1,1,カフＰＣ生産券II×1,
千里カフIIPC2,千里眼+1:回復+1:肉焼き+1,1,カフＰＣ生産券II×1,
千里カフIIPC3,千里眼+1:体力+2,1,カフＰＣ生産券II×1,
調合カフIIPC1,調合成功率+1:効果持続+1:食事+1,1,カフＰＣ生産券II×1,
調合カフIIPC2,調合成功率+1:食事+1:耐寒+1,1,カフＰＣ生産券II×1,
調合カフIIPC3,調合成功率+1:投擲+2,1,カフＰＣ生産券II×1,
弾調カフIIPC1,弾調合+1:貫通弾追加+1:気まぐれ+1,1,カフＰＣ生産券II×1,
弾調カフIIPC2,弾調合+1:はらへり+1:釣り+1,1,カフＰＣ生産券II×1,
弾調カフIIPC3,弾調合+1:散弾追加+2,1,カフＰＣ生産券II×1,
効持カフIIPC1,効果持続+1:全耐性UP+1:はらへり+1,1,カフＰＣ生産券II×1,
効持カフIIPC2,効果持続+1:砲術師+1:脱臭+1,1,カフＰＣ生産券II×1,
効持カフIIPC3,効果持続+1:睡眠+2,1,カフＰＣ生産券II×1,
耐震カフIIPC1,耐震+1:回復+1:笛吹き名人+1,1,カフＰＣ生産券II×1,
耐震カフIIPC2,耐震+1:気絶+1:気配+1,1,カフＰＣ生産券II×1,
耐震カフIIPC3,耐震+1:耐雪+2,1,カフＰＣ生産券II×1,
地形カフIIPC1,地形+1:麻痺+1:採取+1,1,カフＰＣ生産券II×1,
地形カフIIPC2,地形+1:食事+1:自動防御+1,1,カフＰＣ生産券II×1,
地形カフIIPC3,地形+1:回復速度+2,1,カフＰＣ生産券II×1,
強通カフIIPC1,通常弾強化+2:火属性攻撃+1,1,カフＰＣ生産券II×1,
強通カフIIPC2,通常弾強化+2:水属性攻撃+1,1,カフＰＣ生産券II×1,
強通カフIIPC3,通常弾強化+2:氷属性攻撃+1,1,カフＰＣ生産券II×1,
強通カフIIPC4,通常弾強化+2:雷属性攻撃+1,1,カフＰＣ生産券II×1,
強貫カフIIPC1,貫通弾強化+2:火属性攻撃+1,1,カフＰＣ生産券II×1,
強貫カフIIPC2,貫通弾強化+2:水属性攻撃+1,1,カフＰＣ生産券II×1,
強貫カフIIPC3,貫通弾強化+2:氷属性攻撃+1,1,カフＰＣ生産券II×1,
強貫カフIIPC4,貫通弾強化+2:雷属性攻撃+1,1,カフＰＣ生産券II×1,
強散カフIIPC4,散弾強化+2:火属性攻撃+1,1,カフＰＣ生産券II×1,
強散カフIIPC5,散弾強化+2:水属性攻撃+1,1,カフＰＣ生産券II×1,
強散カフIIPC6,散弾強化+2:氷属性攻撃+1,1,カフＰＣ生産券II×1,
強散カフIIPC7,散弾強化+2:雷属性攻撃+1,1,カフＰＣ生産券II×1,
溜短カフIIPC4,溜め短縮+2:全耐性UP+1,1,カフＰＣ生産券II×1,
溜短カフIIPC5,溜め短縮+2:龍耐性+1,1,カフＰＣ生産券II×1,
溜短カフIIPC6,溜め短縮+2:地形+1,1,カフＰＣ生産券II×1,
溜短カフIIPC7,溜め短縮+2:耐震+1,1,カフＰＣ生産券II×1,
根性カフIIPC4,根性+2:全耐性UP+1,1,カフＰＣ生産券II×1,
根性カフIIPC5,根性+2:砲術師+1,1,カフＰＣ生産券II×1,
根性カフIIPC6,根性+2:食事+1,1,カフＰＣ生産券II×1,
根性カフIIPC7,根性+2:耐震+1,1,カフＰＣ生産券II×1,
高設カフIIPC4,高速設置+2:全耐性UP+1,1,カフＰＣ生産券II×1,
高設カフIIPC5,高速設置+2:龍耐性+1,1,カフＰＣ生産券II×1,
高設カフIIPC6,高速設置+2:地形+1,1,カフＰＣ生産券II×1,
高設カフIIPC7,高速設置+2:耐震+1,1,カフＰＣ生産券II×1,
研師カフIIPC4,研ぎ師+2:火属性攻撃+1,1,カフＰＣ生産券II×1,
研師カフIIPC5,研ぎ師+2:水属性攻撃+1,1,カフＰＣ生産券II×1,
研師カフIIPC6,研ぎ師+2:氷属性攻撃+1,1,カフＰＣ生産券II×1,
研師カフIIPC7,研ぎ師+2:雷属性攻撃+1,1,カフＰＣ生産券II×1,
痺剣カフIIPC4,麻痺剣+2:はらへり+1,1,カフＰＣ生産券II×1,
痺剣カフIIPC5,麻痺剣+2:広域+1,1,カフＰＣ生産券II×1,
爆剣カフIIPC4,爆撃剣+2:研ぎ師+1,1,カフＰＣ生産券II×1,
爆剣カフIIPC5,爆撃剣+1:食事+1:千里眼+1,1,カフＰＣ生産券II×1,
爆剣カフIIPC6,爆撃剣+1:回復+1:モンスター+1,1,カフＰＣ生産券II×1,
火剣カフIIPC4,火炎剣+2:匠+1,1,カフＰＣ生産券II×1,
火剣カフIIPC5,火炎剣+1:食事+1:千里眼+1,1,カフＰＣ生産券II×1,
火剣カフIIPC6,火炎剣+1:回復+1:防御+1,1,カフＰＣ生産券II×1,
回復カフIIPC1,回復+2:特殊攻撃+1,1,カフＰＣ生産券II×1,
回復カフIIPC2,回復+1:貫通弾追加+1:食事+1,1,カフＰＣ生産券II×1,
回復カフIIPC3,回復+1:砲術師+1:錬金術+1,1,カフＰＣ生産券II×1,
腹減カフIIPC1,はらへり+2:連射+1,1,カフＰＣ生産券II×1,
腹減カフIIPC2,はらへり+1:食事+1:千里眼+1,1,カフＰＣ生産券II×1,
腹減カフIIPC3,はらへり+1:回復+1:肉焼き+1,1,カフＰＣ生産券II×1,
砲術カフIIPC1,砲術師+2:通常弾強化+1,1,カフＰＣ生産券II×1,
砲術カフIIPC2,砲術師+1:食事+1:千里眼+1,1,カフＰＣ生産券II×1,
砲術カフIIPC3,砲術師+1:回復+1:自動防御+1,1,カフＰＣ生産券II×1,
絆カフIIPC4,絆+2:貫通弾強化+1,1,カフＰＣ生産券II×1,
絆カフIIPC5,絆+1:採取+1:運搬+1,1,カフＰＣ生産券II×1,
絆カフIIPC6,絆+1:高速収集+1:気配+1,1,カフＰＣ生産券II×1,
効持カフIIPC4,効果持続+2:散弾強化+1,1,カフＰＣ生産券II×1,
効持カフIIPC5,効果持続+1:気まぐれ+1:運搬+1,1,カフＰＣ生産券II×1,
効持カフIIPC6,効果持続+1:回復+1:回復速度+1,1,カフＰＣ生産券II×1,
広域カフIIPC1,広域+2:猛毒剣+1,1,カフＰＣ生産券II×1,
広域カフIIPC2,広域+1:食事+1:千里眼+1,1,カフＰＣ生産券II×1,
広域カフIIPC3,広域+1:回復+1:自動防御+1,1,カフＰＣ生産券II×1,
気紛カフIIPC1,気まぐれ+2:麻痺剣+1,1,カフＰＣ生産券II×1,
気紛カフIIPC2,気まぐれ+1:広域+1:受け身+1,1,カフＰＣ生産券II×1,
気紛カフIIPC3,気まぐれ+1:はらへり+1:盗み無効+1,1,カフＰＣ生産券II×1,
耐龍カフIIPC1,龍耐性+2:睡眠剣+1,1,カフＰＣ生産券II×1,
耐龍カフIIPC2,龍耐性+1:全耐性UP+1:気絶+1,1,カフＰＣ生産券II×1,
耐龍カフIIPC3,龍耐性+1:麻痺+1:体力+1,1,カフＰＣ生産券II×1,
風圧カフIIPC1,風圧+2:調合成功率+1,1,カフＰＣ生産券II×1,
風圧カフIIPC2,風圧+2:耐震+1,1,カフＰＣ生産券II×1,
風圧カフIIPC3,風圧+2:地形+1,1,カフＰＣ生産券II×1,
風圧カフIIPC4,風圧+1:回復速度+2,1,カフＰＣ生産券II×1,
風圧カフIIPC5,風圧+1:錬金術+2,1,カフＰＣ生産券II×1,
眠剣カフIIPC4,睡眠剣+2:氷属性攻撃+1,1,カフＰＣ生産券II×1,
眠剣カフIIPC5,睡眠剣+2:龍属性攻撃+1,1,カフＰＣ生産券II×1,
眠剣カフIIPC6,睡眠剣+2:火属性攻撃+1,1,カフＰＣ生産券II×1,
眠剣カフIIPC7,睡眠剣+1:体術+2,1,カフＰＣ生産券II×1,
眠剣カフIIPC8,睡眠剣+1:強肩+2,1,カフＰＣ生産券II×1,
断食カフIIPC4,断食+2:水激剣+1,1,カフＰＣ生産券II×1,
断食カフIIPC5,断食+2:雷神剣+1,1,カフＰＣ生産券II×1,
断食カフIIPC6,断食+2:氷結剣+1,1,カフＰＣ生産券II×1,
断食カフIIPC7,断食+1:耐暑+2,1,カフＰＣ生産券II×1,
断食カフIIPC8,断食+1:耐寒+2,1,カフＰＣ生産券II×1,
毒剣カフIIPC7,猛毒剣+2:絆+1,1,カフＰＣ生産券II×1,
毒剣カフIIPC8,猛毒剣+2:笛吹き名人+1,1,カフＰＣ生産券II×1,
毒剣カフIIPC9,猛毒剣+2:はらへり+1,1,カフＰＣ生産券II×1,
毒剣カフIIPC10,猛毒剣+1:睡眠+2,1,カフＰＣ生産券II×1,
毒剣カフIIPC11,猛毒剣+1:とんずら+2,1,カフＰＣ生産券II×1,
底力カフIIPC4,底力+2:氷属性攻撃+1,1,カフＰＣ生産券II×1,
底力カフIIPC5,底力+2:龍属性攻撃+1,1,カフＰＣ生産券II×1,
底力カフIIPC6,底力+2:水属性攻撃+1,1,カフＰＣ生産券II×1,
底力カフIIPC7,底力+1:気配+2,1,カフＰＣ生産券II×1,
底力カフIIPC8,底力+1:体力+2,1,カフＰＣ生産券II×1,
填数カフIIPC4,装填数+2:砲術師+1,1,カフＰＣ生産券II×1,
填数カフIIPC5,装填数+2:気まぐれ+1,1,カフＰＣ生産券II×1,
填数カフIIPC6,装填数+2:広域+1,1,カフＰＣ生産券II×1,
填数カフIIPC7,装填数+1:耐雪+2,1,カフＰＣ生産券II×1,
填数カフIIPC8,装填数+1:体力+2,1,カフＰＣ生産券II×1,
耐龍カフIIPC4,龍耐性+2:審判+1,1,カフＰＣ生産券II×1,
耐龍カフIIPC5,龍耐性+2:風圧+1,1,カフＰＣ生産券II×1,
耐龍カフIIPC6,龍耐性+1:千里眼+1:回復+1,1,カフＰＣ生産券II×1,
耐龍カフIIPC7,龍耐性+1:気絶+1:食事+1,1,カフＰＣ生産券II×1,
耐龍カフIIPC8,龍耐性+1:気まぐれ+1:地図+1,1,カフＰＣ生産券II×1,
腹減カフIIPC4,はらへり+2:装填+1,1,カフＰＣ生産券II×1,
腹減カフIIPC5,はらへり+2:特殊攻撃+1,1,カフＰＣ生産券II×1,
腹減カフIIPC6,はらへり+1:麻痺+1:運搬+1,1,カフＰＣ生産券II×1,
腹減カフIIPC7,はらへり+1:気絶+1:回復+1,1,カフＰＣ生産券II×1,
腹減カフIIPC8,はらへり+1:毒+1:投擲+1,1,カフＰＣ生産券II×1,
麻痺カフIIPC4,麻痺+2:根性+1,1,カフＰＣ生産券II×1,
麻痺カフIIPC5,麻痺+2:高速設置+1,1,カフＰＣ生産券II×1,
麻痺カフIIPC6,麻痺+1:気まぐれ+1:耐震+1,1,カフＰＣ生産券II×1,
麻痺カフIIPC7,麻痺+1:回復+1:効果持続+1,1,カフＰＣ生産券II×1,
麻痺カフIIPC8,麻痺+1:地形+1:防御+1,1,カフＰＣ生産券II×1,
気絶カフIIPC4,気絶+2:回避性能+1,1,カフＰＣ生産券II×1,
気絶カフIIPC5,気絶+2:底力+1,1,カフＰＣ生産券II×1,
気絶カフIIPC6,気絶+1:効果持続+1:火属性攻撃+1,1,カフＰＣ生産券II×1,
気絶カフIIPC7,気絶+1:爆撃剣+1:氷属性攻撃+1,1,カフＰＣ生産券II×1,
気絶カフIIPC8,気絶+1:龍王剣+1:防御+1,1,カフＰＣ生産券II×1,
毒カフIIPC4,毒+2:スタミナ+1,1,カフＰＣ生産券II×1,
毒カフIIPC5,毒+2:回避性能+1,1,カフＰＣ生産券II×1,
毒カフIIPC6,毒+1:広域+1:氷属性攻撃+1,1,カフＰＣ生産券II×1,
毒カフIIPC7,毒+1:龍耐性+1:火属性攻撃+1,1,カフＰＣ生産券II×1,
毒カフIIPC8,毒+1:龍属性攻撃+1:耐暑+1,1,カフＰＣ生産券II×1,
速収カフIIPC7,高速収集+2:回避性能+1,1,カフＰＣ生産券II×1,
速収カフIIPC8,高速収集+2:風圧+1,1,カフＰＣ生産券II×1,
速収カフIIPC9,高速収集+1:調合成功率+1:耐震+1,1,カフＰＣ生産券II×1,
速収カフIIPC10,高速収集+1:食事+1:回復+1,1,カフＰＣ生産券II×1,
速収カフIIPC11,高速収集+1:地形+1:気配+1,1,カフＰＣ生産券II×1,
毒剣カフIIPC4,猛毒剣+2:回復+1,1,特別イベント,0
審判カフIIPC1,審判+2:全耐性UP+1,1,特別イベント,0
龍攻カフIIPC1,龍属性攻撃+2:根性+1,1,特別イベント,0
龍攻カフIIPC3,龍属性攻撃+1:捕獲上手+1:千里眼+1,1,特別イベント,0
弾調カフIIPC4,弾調合+2:高速設置+1,1,特別イベント,0
剣術カフIIPC1,剣術+1:体力+2,1,カフPC生産券II×1,
剣術カフIIPC2,剣術+1:防御+2,1,カフPC生産券II×1,
剣術カフIIPC3,剣術+1:体術+2,1,カフPC生産券II×1,
剣術カフIIPC4,剣術+1:強肩+2,1,カフPC生産券II×1,
剣術カフIIPC5,剣術+1:爆弾強化+2,1,カフPC生産券II×1,
耐状カフIIPC1,耐状態異常+1:体力+2,1,カフPC生産券II×1,
耐状カフIIPC2,耐状態異常+1:防御+2,1,カフPC生産券II×1,
耐状カフIIPC3,耐状態異常+1:投擲+2,1,カフPC生産券II×1,
耐状カフIIPC4,耐状態異常+1:自動防御+2,1,カフPC生産券II×1,
耐状カフIIPC5,耐状態異常+1:通常弾追加+2,1,カフPC生産券II×1,
武捌カフIIPC1,武器捌き+1:睡眠+2,1,カフPC生産券II×1,
武捌カフIIPC2,武器捌き+1:地図+2,1,カフPC生産券II×1,
武捌カフIIPC3,武器捌き+1:圧力+2,1,カフPC生産券II×1,
武捌カフIIPC4,武器捌き+1:モンスター+2,1,カフPC生産券II×1,
武捌カフIIPC5,武器捌き+1:盗み無効+2,1,カフPC生産券II×1,
属攻カフIIPC1,属性攻撃+2:弾調合+1,1,カフPC生産券II×1,
属攻カフIIPC2,属性攻撃+2:効果持続+1,1,カフPC生産券II×1,
属攻カフIIPC3,属性攻撃+2:食事+1,1,カフPC生産券II×1,
属攻カフIIPC4,属性攻撃+2:地形+1,1,カフPC生産券II×1,
属攻カフIIPC5,属性攻撃+2:耐震+1,1,カフPC生産券II×1,
気回カフIIPC1,気力回復+2:砲術師+1,1,カフPC生産券II×1,
気回カフIIPC2,気力回復+2:笛吹き名人+1,1,カフPC生産券II×1,
気回カフIIPC3,気力回復+2:受け身+1,1,カフPC生産券II×1,
気回カフIIPC4,気力回復+2:絆+1,1,カフPC生産券II×1,
気回カフIIPC5,気力回復+2:爆撃剣+1,1,カフPC生産券II×1,
根性カフIIPC8,根性+2:水属性攻撃+1,1,カフPC生産券II×1,
根性カフIIPC9,根性+2:雷属性攻撃+1,1,カフPC生産券II×1,
根性カフIIPC10,根性+2:氷属性攻撃+1,1,カフPC生産券II×1,
根性カフIIPC11,根性+2:龍属性攻撃+1,1,カフPC生産券II×1,
根性カフIIPC12,根性+2:火属性攻撃+1,1,カフPC生産券II×1,
小刀カフIIPC1,ナイフ使い+2:連射+1,1,カフPC生産券II×1,
小刀カフIIPC2,ナイフ使い+1:麻痺+1:貫通弾追加+1,1,カフPC生産券II×1,
小刀カフIIPC3,ナイフ使い+1:気絶+1:はらへり+1,1,カフPC生産券II×1,
小刀カフIIPC4,ナイフ使い+2:反動+1,1,カフPC生産券II×1,
小刀カフIIPC5,ナイフ使い+1:毒+1:広域+1,1,カフPC生産券II×1,
労りカフIIPC1,いたわり+1:運搬+1:全耐性UP+1,1,カフPC生産券II×1,
労りカフIIPC2,いたわり+2:通常弾強化+1,1,カフPC生産券II×1,
労りカフIIPC3,いたわり+1:龍耐性+1:火耐性+1,1,カフPC生産券II×1,
労りカフIIPC4,いたわり+1:採取+1:水耐性+1,1,カフPC生産券II×1,
労りカフIIPC5,いたわり+2:貫通弾強化+1,1,カフPC生産券II×1,
対防カフIIPC1,対防御DOWN+1:高速収集+1:氷耐性+1,1,カフPC生産券II×1,
対防カフIIPC2,対防御DOWN+1:気まぐれ+1:雷耐性+1,1,カフPC生産券II×1,
対防カフIIPC3,対防御DOWN+2:散弾強化+1,1,カフPC生産券II×1,
対防カフIIPC4,対防御DOWN+1:千里眼+1:耐暑+1,1,カフPC生産券II×1,
対防カフIIPC5,対防御DOWN+1:回復+1:耐寒+1,1,カフPC生産券II×1,
追貫カフIIPC1,貫通弾追加+2:特殊攻撃+1,1,カフPC生産券II×1,
追貫カフIIPC2,貫通弾追加+1:調合成功率+1:地図+1,1,カフPC生産券II×1,
追貫カフIIPC3,貫通弾追加+1:弾調合+1:錬金術+1,1,カフPC生産券II×1,
追貫カフIIPC4,貫通弾追加+2:審判+1,1,カフPC生産券II×1,
追貫カフIIPC5,貫通弾追加+1:効果持続+1:声帯+1,1,カフPC生産券II×1,
採取カフIIPC1,採取+1:食事+1:肉焼き+1,1,カフPC生産券II×1,
採取カフIIPC2,採取+2:風圧+1,1,カフPC生産券II×1,
採取カフIIPC3,採取+1:地形+1:とんずら+1,1,カフPC生産券II×1,
採取カフIIPC4,採取+1:耐震+1:体術+1,1,カフPC生産券II×1,
採取カフIIPC5,採取+2:回避性能+1,1,カフPC生産券II×1,
麻痺カフIIPC9,麻痺+1:砲術師+1:強肩+1,1,カフPC生産券II×1,
麻痺カフIIPC10,麻痺+1:笛吹き名人+1:ひらめき+1,1,カフPC生産券II×1,
麻痺カフIIPC11,麻痺+2:底力+1,1,カフPC生産券II×1,
麻痺カフIIPC12,麻痺+1:受け身+1:圧力+1,1,カフPC生産券II×1,
麻痺カフIIPC13,麻痺+1:絆+1:捕獲上手+1,1,カフPC生産券II×1,
剣術カフIIPＣ6,剣術+1:調合成功率+2,1,カフＰＣ生産券II×1,0
剣術カフIIPＣ7,剣術+1:耐震+2,1,カフＰＣ生産券II×1,0
剣術カフIIPＣ8,剣術+1:地形+2,1,カフＰＣ生産券II×1,0
剣術カフIIPＣ9,剣術+1:回復速度+2,1,カフＰＣ生産券II×1,0
剣術カフIIPＣ10,剣術+1:錬金術+2,1,カフＰＣ生産券II×1,0
耐状カフIIPＣ6,耐状態異常+1:氷属性攻撃+2,1,カフＰＣ生産券II×1,0
耐状カフIIPＣ7,耐状態異常+1:龍属性攻撃+2,1,カフＰＣ生産券II×1,0
耐状カフIIPＣ8,耐状態異常+1:火属性攻撃+2,1,カフＰＣ生産券II×1,0
耐状カフIIPＣ9,耐状態異常+1:体術+2,1,カフＰＣ生産券II×1,0
耐状カフIIPＣ10,耐状態異常+1:強肩+2,1,カフＰＣ生産券II×1,0
武捌カフIIPＣ6,武器捌き+1:水激剣+2,1,カフＰＣ生産券II×1,0
武捌カフIIPＣ7,武器捌き+1:雷神剣+2,1,カフＰＣ生産券II×1,0
武捌カフIIPＣ8,武器捌き+1:氷結剣+2,1,カフＰＣ生産券II×1,0
武捌カフIIPＣ9,武器捌き+1:耐暑+2,1,カフＰＣ生産券II×1,0
武捌カフIIPＣ10,武器捌き+1:耐寒+2,1,カフＰＣ生産券II×1,0
属攻カフIIPＣ6,属性攻撃+2:絆+1,1,カフＰＣ生産券II×1,0
属攻カフIIPＣ7,属性攻撃+2:笛吹き名人+1,1,カフＰＣ生産券II×1,0
属攻カフIIPＣ8,属性攻撃+2:はらへり+1,1,カフＰＣ生産券II×1,0
属攻カフIIPＣ9,属性攻撃+2:睡眠+1,1,カフＰＣ生産券II×1,0
属攻カフIIPＣ10,属性攻撃+2:とんずら+1,1,カフＰＣ生産券II×1,0
気回カフIIPＣ6,気力回復+2:氷属性攻撃+1,1,カフＰＣ生産券II×1,0
気回カフIIPＣ7,気力回復+2:龍属性攻撃+1,1,カフＰＣ生産券II×1,0
気回カフIIPＣ8,気力回復+2:水属性攻撃+1,1,カフＰＣ生産券II×1,0
気回カフIIPＣ9,気力回復+2:気配+1,1,カフＰＣ生産券II×1,0
気回カフIIPＣ10,気力回復+2:体力+1,1,カフＰＣ生産券II×1,0
根性カフIIPＣ13,根性+2:砲術師+1,1,カフＰＣ生産券II×1,0
根性カフIIPＣ14,根性+2:気まぐれ+1,1,カフＰＣ生産券II×1,0
根性カフIIPＣ15,根性+2:広域+1,1,カフＰＣ生産券II×1,0
根性カフIIPＣ16,根性+2:耐雪+1,1,カフＰＣ生産券II×1,0
根性カフIIPＣ17,根性+2:体力+1,1,カフＰＣ生産券II×1,0
小刀カフIIPＣ6,ナイフ使い+2:審判+1,1,カフＰＣ生産券II×1,0
小刀カフIIPＣ7,ナイフ使い+1:風圧+1:火耐性+1,1,カフＰＣ生産券II×1,0
小刀カフIIPＣ8,ナイフ使い+1:千里眼+1:水耐性+1,1,カフＰＣ生産券II×1,0
小刀カフIIPＣ9,ナイフ使い+2:気絶+1,1,カフＰＣ生産券II×1,0
小刀カフIIPＣ10,ナイフ使い+1:気まぐれ+1:肉焼き+1,1,カフＰＣ生産券II×1,0
労りカフIIPＣ6,いたわり+1:装填+1:とんずら+1,1,カフＰＣ生産券II×1,0
労りカフIIPＣ7,いたわり+2:特殊攻撃+1,1,カフＰＣ生産券II×1,0
労りカフIIPＣ8,いたわり+1:麻痺+1:地図+1,1,カフＰＣ生産券II×1,0
労りカフIIPＣ9,いたわり+1:気絶+1:錬金術+1,1,カフＰＣ生産券II×1,0
労りカフIIPＣ10,いたわり+2:毒+1,1,カフＰＣ生産券II×1,0
対防カフIIPＣ6,対防御DOWN+1:根性+1:強肩+1,1,カフＰＣ生産券II×1,0
対防カフIIPＣ7,対防御DOWN+1:高速設置+1:ひらめき+1,1,カフＰＣ生産券II×1,0
対防カフIIPＣ8,対防御DOWN+2:毒+1,1,カフＰＣ生産券II×1,0
対防カフIIPＣ9,対防御DOWN+1:脱臭+1:耐震+1,1,カフＰＣ生産券II×1,0
対防カフIIPＣ10,対防御DOWN+1:地形+1:回復+1,1,カフＰＣ生産券II×1,0
追貫カフIIPＣ6,貫通弾追加+2:回避性能+1,1,カフＰＣ生産券II×1,0
追貫カフIIPＣ7,貫通弾追加+1:底力+1:体術+1,1,カフＰＣ生産券II×1,0
追貫カフIIPＣ8,貫通弾追加+1:脱臭+1:防御+1,1,カフＰＣ生産券II×1,0
追貫カフIIPＣ9,貫通弾追加+2:スタミナ+1,1,カフＰＣ生産券II×1,0
追貫カフIIPＣ10,貫通弾追加+1:貫通弾強化+1:千里眼+1,1,カフＰＣ生産券II×1,0
採取カフIIPＣ6,採取+1:スタミナ+1:声帯+1,1,カフＰＣ生産券II×1,0
採取カフIIPＣ7,採取+2:脱臭+1,1,カフＰＣ生産券II×1,0
採取カフIIPＣ8,採取+1:広域+1:毒瓶追加+1,1,カフＰＣ生産券II×1,0
採取カフIIPＣ9,採取+1:龍耐性+1:麻痺瓶追加+1,1,カフＰＣ生産券II×1,0
採取カフIIPＣ10,採取+2:龍属性攻撃+1,1,カフＰＣ生産券II×1,0
達人カフIIPＣ1,達人+1:回避性能+1:雷耐性+1,1,カフＰＣ生産券II×1,0
達人カフIIPＣ2,達人+1:風圧+1:龍耐性+1,1,カフＰＣ生産券II×1,0
達人カフIIPＣ3,達人+2:調合成功率+1,1,カフＰＣ生産券II×1,0
達人カフIIPＣ4,達人+1:食事+1:毒+1,1,カフＰＣ生産券II×1,0
達人カフIIPＣ5,達人+1:体術+1:氷耐性+1,1,カフＰＣ生産券II×1,0
麻痺カフSA1,麻痺+4:絆+3,2,イベント補助券×3,50000
気絶カフSA1,気絶+4:耐震+3,2,イベント補助券×3,50000
毒カフSA1,毒+4:受け身+3,2,イベント補助券×3,50000
腹へりカフSA1,はらへり+4:食事+3,2,猟団チケット×99,50000
全耐性カフSA1,全耐性UP+4:笛吹き名人+3,2,猟団チケット×99,50000
龍耐性カフSA1,龍耐性+4:広域+3,2,猟団チケット×99,50000
爆撃剣カフSA1,爆撃剣+10,2,カフの素・祭×3,50000
火炎剣カフSA1,火炎剣+10,2,カフの素・祭×3,50000
水激剣カフSA1,水激剣+10,2,祭典の思い出×30,50000
雷神剣カフSA1,雷神剣+10,2,祭典の思い出×30,50000
氷結剣カフSA1,氷結剣+10,2,カフの素・黒×30,50000
龍王剣カフSA1,龍王剣+10,2,カフの素・白×30,50000
睡眠カフSA1,睡眠+7,2,カフの素・青×30,50000
耐雪カフSA1,耐雪+7,2,カフの素・紫×30,50000
回復速カフSA1,回復速度+7,2,カフの素・桜×30,50000
散弾追カフSA1,散弾追加+7,2,カフの素・赤×30,50000
爆弾強カフSA1,爆弾強化+7,2,カフの素・緑×30,50000
食坊カフSA1,食いしん坊+7,2,カフの素・黄×30,50000
盗無効カフSA1,盗み無効+7,2,匠の根性×3:匠の心×3:匠の意地×3,50000
火耐性カフSA1,火耐性+7,2,カフの素・橙×30,50000
水耐性カフSA1,水耐性+7,2,カフの素・水×30,50000
氷耐性カフSA1,氷耐性+7,2,カフの素・灰×30,50000
雷耐性カフSA1,雷耐性+7,2,カフの素・胡粉×30,50000
とんずカフSA1,とんずら+10,2,シトゥルゥコイン×6,50000
火攻撃カフSA1,火属性攻撃+10,2,カフの素・卯花×30,50000
水攻撃カフSA1,水属性攻撃+10,2,匠の根性×3:匠の心×3:匠の意地×3,50000
雷攻撃カフSA1,雷属性攻撃+10,2,カフの素・柑子×30,50000
氷攻撃カフSA1,氷属性攻撃+10,2,水攻撃カフSB1×1:雷攻撃カフSB1×1,50000
龍攻撃カフSA1,龍属性攻撃+10,2,カフの素・祭×3,50000
防御カフSA1,防御+7,2,祭典の思い出×30,50000
耐暑カフSA1,耐暑+7,2,イベント補助券×3,50000
耐寒カフSA1,耐寒+7,2,猟団チケット×99,50000
体術カフSA1,体術+10,2,カフの素・白藍×30,50000
火攻撃カフSA2,火属性攻撃+7,2,カフの素・漆黒×30,50000
火攻撃カフSA3,火属性攻撃+4:砲術師+3,2,カフの素・藤×30,50000
水攻撃カフSA2,水属性攻撃+7,2,カフの素・祭×3,50000
水攻撃カフSA3,水属性攻撃+4:効果持続+3,2,猟団チケット×99,50000
気配カフSA1,気配+7,2,カフの素・白班×30,50000
気配カフSA2,気配+4:食事+3,2,カフの素・桃×30,50000
体力カフSA1,体力+7,2,祭典の思い出×30,50000
自防御カフSA1,自動防御+7,2,カフの素・紺×30,50000
自防御カフSA2,自動防御+4:地形+3,2,カフの素・茜×30,50000
龍王剣カフSA2,龍王剣+4:龍属性攻撃+3,2,カフの素・芥子×30,50000
龍王剣カフSA3,龍王剣+4:はらへり+3,2,カフの素・翡翠×30,50000
耐震カフSA1,耐震+7,2,カフの素・空×30,50000
耐震カフSA2,耐震+4:全耐性UP+3,2,カフの素・金茶×30,50000
耐震カフSA3,耐震+4:絆+3,2,カフの素・祭×3,50000
防御カフSA2,防御+4:耐震+3,2,カフの素・濡羽×30,50000
防御カフSA3,防御+4:地形+3,2,カフの素・鼠×30,50000
防御カフSA4,防御+4:気まぐれ+3,2,猟団チケット×99,50000
自防御カフSA3,自動防御+4:気絶+3,2,カフの素・乳白×30,50000
自防御カフSA4,自動防御+4:千里眼+3,2,カフの素・杜若×30,50000
自防御カフSA5,自動防御+4:毒+3,2,イベント補助券×3,50000
千里眼カフSA1,千里眼+7,2,カフの素・千歳×30,50000
千里眼カフSA3,千里眼+4:麻痺+3,2,カフの素・祭×3,50000
全耐性カフSA3,全耐性UP+4:龍耐性+3,2,カフの素・霞草×30,50000
全耐性カフSA4,全耐性UP+4:耐震+3,2,猟団チケット×99,50000
捕獲上カフSA2,捕獲上手+4:弾調合+3,2,イベント補助券×3,50000
捕獲上カフSA3,捕獲上手+4:砲術師+3,2,カフの素・常磐×30,50000
釣りカフSA3,釣り+4:食事+3,2,匠の根性×3:匠の心×3:匠の意地×3,50000
斬味カフIISA1,斬れ味+4:食事+3,2,匠の根性×3:匠の心×3:匠の意地×3,50000
反動カフIISA2,反動+2:貫通弾追加+4,2,カフの素・祭×3,50000
千里カフIISA1,千里眼+5:運搬+1,2,猟団チケット×99,50000
砲術カフIISA1,砲術師+5:全耐性UP+1,2,イベント補助券×3,50000
強爆カフIISA1,爆弾強化+6:回復+1,2,猟団チケット×99,50000
防御カフIISA1,防御+6:絆+1,2,イベント補助券×3,50000
強通カフIISA1,通常弾強化+4:弾調合+3,2,匠の根性×3:匠の心×3:匠の意地×3,50000
スタカフIISA2,スタミナ+2:高速収集+4,2,カフの素・祭×3,50000
速回カフIISA1,回復速度+6:広域+1,2,猟団チケット×99,50000
体力カフIISA1,体力+6:回復+1,2,イベント補助券×3,50000
装填カフIISA1,装填+4:調合成功率+3,2,カフの素・灰梅×30,50000
断食カフIISA1,断食+4:全耐性UP+3,2,カフの素・枯草×30,50000
溜短カフIISA1,溜め短縮+4:龍属性攻撃+3,2,カフの素・蒸栗×30,50000
密射カフIISA2,精密射撃+4:食事+3,2,カフの素・紅碧×30,50000
ガ性カフIISA1,ガード性能+4:気絶+3,2,カフの素・留紺×30,50000
審判カフIISA3,審判+4:気絶+3,2,カフの素・刈安×30,50000
武捌カフIISA1,武器捌き+4:食事+3,2,カフの素・象牙×30,50000
強貫カフIISA1,貫通弾強化+4:全耐性UP+3,2,カフの素・青紫×30,50000
回避カフIISA1,回避性能+2:はらへり+4,2,カフの素・鉄紺×30,50000
匠カフIISA1,匠+2:気絶+4,2,カフの素・夏虫×30,50000
連射カフIISA1,連射+4:毒+3,2,カフの素・淡黄×30,50000
特攻カフIISA2,特殊攻撃+2:千里眼+4,2,カフの素・樺×30,50000
斬味カフIISA2,斬れ味+2:耐震+4,2,カフの素・練×30,50000
回避カフIISA2,回避性能+2:気絶+4,2,カフの素・金赤×30,50000
斬味カフIISA4,斬れ味+4:審判+3,2,カフの素・黒檀×30,50000
審判カフIISA2,審判+2:全耐性UP+4,2,カフの素・曙×30,50000
貫弾追カフSB1,貫通弾追加+5,2,イベント補助券×2,5000
貫弾追カフSB2,貫通弾追加+3:調合成功率+2,2,イベント補助券×2,5000
運搬カフSB1,運搬+5,2,イベント補助券×2,5000
運搬カフSB2,運搬+3:効果持続+2,2,イベント補助券×2,5000
高速収カフSB1,高速収集+5,2,イベント補助券×2,5000
高速収カフSB2,高速収集+3:千里眼+2,2,イベント補助券×2,5000
気まぐカフSB1,気まぐれ+5,2,猟団チケット×66,5000
気まぐカフSB2,気まぐれ+3:調合成功率+2,2,猟団チケット×66,5000
千里眼カフSB1,千里眼+5,2,猟団チケット×66,5000
千里眼カフSB2,千里眼+3:全耐性UP+2,2,猟団チケット×66,5000
回復カフSB1,回復+5,2,猟団チケット×66,5000
回復カフSB2,回復+3:広域+2,2,猟団チケット×66,5000
調合成カフSB1,調合成功率+5,2,カフの素・祭×2,5000
調合成カフSB2,調合成功率+3:食事+2,2,カフの素・祭×2,5000
弾調合カフSB1,弾調合+5,2,カフの素・祭×2,5000
弾調合カフSB2,弾調合+3:貫通弾追加+2,2,カフの素・祭×2,5000
食事カフSB1,食事+5,2,祭典の思い出×20,5000
食事カフSB2,食事+3:回復+2,2,祭典の思い出×20,5000
地形カフSB1,地形+5,2,祭典の思い出×20,5000
地形カフSB2,地形+3:耐震+2,2,祭典の思い出×20,5000
耐震カフSB1,耐震+5,2,カフの素・黒×20,5000
耐震カフSB2,耐震+3:受け身+2,2,カフの素・黒×20,5000
砲術師カフSB1,砲術師+5,2,カフの素・白×20,5000
砲術師カフSB2,砲術師+3:絆+2,2,カフの素・白×20,5000
睡眠カフSB1,睡眠+5,2,カフの素・青×20,5000
睡眠カフSB2,睡眠+3:効果持続+2,2,カフの素・青×20,5000
脱臭カフSB1,脱臭+5,2,カフの素・紫×20,5000
脱臭カフSB2,脱臭+3:千里眼+2,2,カフの素・紫×20,5000
耐雪カフSB1,耐雪+5,2,カフの素・桜×20,5000
耐雪カフSB2,耐雪+3:気まぐれ+2,2,カフの素・桜×20,5000
気配カフSB1,気配+5,2,カフの素・赤×20,5000
気配カフSB2,気配+3:はらへり+2,2,カフの素・赤×20,5000
体力カフSB1,体力+5,2,カフの素・緑×20,5000
体力カフSB2,体力+3:全耐性UP+2,2,カフの素・緑×20,5000
回復速カフSB1,回復速度+5,2,カフの素・黄×20,5000
回復速カフSB2,回復速度+3:調合成功率+2,2,カフの素・黄×20,5000
自防御カフSB1,自動防御+5,2,匠の根性×2:匠の心×2:匠の意地×2,5000
自防御カフSB2,自動防御+3:耐震+2,2,匠の根性×2:匠の心×2:匠の意地×2,5000
投擲カフSB1,投擲+5,2,カフの素・橙×20,5000
投擲カフSB2,投擲+3:受け身+2,2,カフの素・橙×20,5000
通弾追カフSB1,通常弾追加+5,2,カフの素・水×20,5000
通弾追カフSB2,通常弾追加+3:千里眼+2,2,カフの素・水×20,5000
防御カフSB1,防御+5,2,カフの素・灰×20,5000
防御カフSB2,防御+3:気絶+2,2,カフの素・灰×20,5000
耐暑カフSB1,耐暑+5,2,カフの素・胡粉×20,5000
耐暑カフSB2,耐暑+3:採取+2,2,カフの素・胡粉×20,5000
耐寒カフSB1,耐寒+5,2,シトゥルゥコイン×3,5000
耐寒カフSB2,耐寒+3:高速収集+2,2,シトゥルゥコイン×3,5000
火攻撃カフSB1,火属性攻撃+5,2,カフの素・褐返×20,5000
火攻撃カフSB2,火属性攻撃+3:気絶+2,2,カフの素・褐返×20,5000
水攻撃カフSB1,水属性攻撃+5,2,カフの素・若草×10:カフの素・松葉×10,5000
水攻撃カフSB2,水属性攻撃+3:毒+2,2,カフの素・卯花×20,5000
雷攻撃カフSB1,雷属性攻撃+5,2,カフの素・朱×10:カフの素・紅×10:カフの素・緋×10,5000
雷攻撃カフSB2,雷属性攻撃+3:麻痺+2,2,匠の根性×2:匠の心×2:匠の意地×2,5000
氷攻撃カフSB1,氷属性攻撃+5,2,カフの素・柑子×20,5000
氷攻撃カフSB2,氷属性攻撃+3:はらへり+2,2,カフの素・柑子×20,5000
龍攻撃カフSB1,龍属性攻撃+5,2,カフの素・白藍×20,5000
龍攻撃カフSB2,龍属性攻撃+3:地形+2,2,カフの素・白藍×20,5000
絆カフSB1,絆+5,2,カフの素・祭×2,5000
絆カフSB2,絆+3:千里眼+2,2,カフの素・祭×2,5000
閃きカフSB1,ひらめき+5,2,祭典の思い出×20,5000
閃きカフSB2,ひらめき+3:気まぐれ+2,2,祭典の思い出×20,5000
体術カフSB1,体術+5,2,イベント補助券×2,5000
体術カフSB2,体術+3:全耐性UP+2,2,イベント補助券×2,5000
とんずカフSB1,とんずら+5,2,猟団チケット×66,5000
とんずカフSB2,とんずら+3:耐震+2,2,猟団チケット×66,5000
強肩カフSB1,強肩+5,2,カフの素・卯花×20,5000
強肩カフSB2,強肩+3:回復+2,2,匠の根性×2:匠の心×2:匠の意地×2,5000
麻痺カフSB1,麻痺+3:全耐性UP+2,2,カフの素・漆黒×20,5000
麻痺カフSB2,麻痺+3:笛吹き名人+2,2,カフの素・藤×20,5000
毒カフSB1,毒+3:広域+2,2,カフの素・祭×2,5000
毒カフSB2,毒+3:気まぐれ+2,2,猟団チケット×66,5000
弾調合カフSB4,弾調合+3:受け身+2,2,カフの素・漆黒×20,5000
地形カフSB3,地形+3:龍耐性+2,2,カフの素・藤×20,5000
地形カフSB4,地形+3:広域+2,2,カフの素・祭×2,5000
運搬カフSB3,運搬+3:食事+2,2,猟団チケット×66,5000
榴弾追カフSB1,榴弾追加+5,2,カフの素・白班×20,5000
榴弾追カフSB2,榴弾追加+3:広域+2,2,カフの素・桃×20,5000
拡弾追カフSB1,拡散弾追加+5,2,祭典の思い出×20,5000
拡弾追カフSB2,拡散弾追加+3:気絶+2,2,カフの素・白班×20,5000
爆弾強カフSB1,爆弾強化+5,2,カフの素・桃×20,5000
爆弾強カフSB2,爆弾強化+3:受け身+2,2,祭典の思い出×20,5000
食坊カフSB1,食いしん坊+5,2,カフの素・紺×20,5000
食坊カフSB2,食いしん坊+3:運搬+2,2,カフの素・茜×20,5000
盗無効カフSB1,盗み無効+5,2,カフの素・紺×20,5000
盗無効カフSB2,盗み無効+3:毒+2,2,カフの素・茜×20,5000
高速収カフSB3,高速収集+3:はらへり+2,2,カフの素・芥子×20,5000
高速収カフSB4,高速収集+3:広域+2,2,カフの素・翡翠×20,5000
砲術師カフSB3,砲術師+3:火属性攻撃+2,2,カフの素・芥子×20,5000
砲術師カフSB4,砲術師+3:龍属性攻撃+2,2,カフの素・翡翠×20,5000
龍耐性カフSB1,龍耐性+3:絆+2,2,カフの素・空×20,5000
龍耐性カフSB2,龍耐性+3:受け身+2,2,カフの素・金茶×20,5000
龍耐性カフSB3,龍耐性+3:笛吹き名人+2,2,カフの素・祭×2,5000
食事カフSB5,食事+3:気まぐれ+2,2,カフの素・空×20,5000
食事カフSB6,食事+3:全耐性UP+2,2,カフの素・金茶×20,5000
食事カフSB7,食事+3:毒+2,2,カフの素・祭×2,5000
とんずらカフSB3,とんずら+3:運搬+2,2,カフの素・濡羽×20,5000
とんずらカフSB4,とんずら+3:地形+2,2,カフの素・祭×2,5000
とんずらカフSB5,とんずら+3:効果持続+2,2,猟団チケット×66,5000
食坊カフSB3,食いしん坊+3:毒+2,2,カフの素・濡羽×20,5000
食坊カフSB4,食いしん坊+3:気絶+2,2,カフの素・鼠×20,5000
食坊カフSB5,食いしん坊+3:麻痺+2,2,猟団チケット×66,5000
防御カフSB3,防御+3:受け身+2,2,カフの素・乳白×20,5000
防御カフSB4,防御+3:広域+2,2,カフの素・杜若×20,5000
防御カフSB5,防御+3:絆+2,2,イベント補助券×2,5000
耐暑カフSB3,耐暑+3:全耐性UP+2,2,カフの素・乳白×20,5000
耐暑カフSB4,耐暑+3:水属性攻撃+2,2,カフの素・杜若×20,5000
耐暑カフSB5,耐暑+3:麻痺+2,2,イベント補助券×2,5000
全耐性カフSB1,全耐性UP+5,2,カフの素・千歳×20,5000
全耐性カフSB3,全耐性UP+3:回復+2,2,カフの素・祭×2,5000
龍耐性カフSB5,龍耐性+3:全耐性UP+2,2,カフの素・常磐×20,5000
採取カフSB2,採取+3:調合成功率+2,2,カフの素・祭×2,5000
採取カフSB3,採取+3:効果持続+2,2,カフの素・霞草×20,5000
雷神剣カフSB1,雷神剣+5,2,カフの素・常磐×20,5000
火耐性カフSB1,火耐性+5,2,猟団チケット×66,5000
火耐性カフSB2,火耐性+3:地形+2,2,カフの素・千歳×20,5000
水耐性カフSB2,水耐性+3:毒+2,2,イベント補助券×2,5000
水耐性カフSB3,水耐性+3:効果持続+2,2,カフの素・霞草×20,5000
氷耐性カフSB1,氷耐性+5,2,匠の根性×2:匠の心×2:匠の意地×2,5000
氷耐性カフSB3,氷耐性+3:高速収集+2,2,猟団チケット×66,5000
雷耐性カフSB2,雷耐性+3:弾調合+2,2,匠の根性×2:匠の心×2:匠の意地×2,5000
雷耐性カフSB3,雷耐性+3:砲術師+2,2,イベント補助券×2,5000
毒カフIISB2,毒+2:気絶+2:耐寒+1,2,匠の根性×2:匠の心×2:匠の意地×2,5000
広域カフIISB2,広域+2:効果持続+1:睡眠+1,2,匠の根性×2:匠の心×2:匠の意地×2,5000
地形カフIISB1,地形+4:全耐性UP+1,2,カフの素・祭×2,5000
地形カフIISB2,地形+2:龍耐性+2:気配+1,2,猟団チケット×66,5000
食坊カフIISB1,食いしん坊+3:食事+2,2,カフの素・祭×2,5000
食坊カフIISB2,食いしん坊+4:はらへり+1,2,猟団チケット×66,5000
耐雪カフIISB1,耐雪+3:運搬+2,2,イベント補助券×2,5000
自防カフIISB1,自動防御+3:地形+2,2,イベント補助券×2,5000
自防カフIISB2,自動防御+4:砲術師+1,2,猟団チケット×66,5000
防御カフIISB1,防御+3:全耐性UP+2,2,イベント補助券×2,5000
防御カフIISB2,防御+4:龍耐性+1,2,猟団チケット×66,5000
体力カフIISB1,体力+3:回復+2,2,イベント補助券×2,5000
腹減カフIISB2,はらへり+2:雷神剣+1:盗み無効+1,2,匠の根性×2:匠の心×2:匠の意地×2,5000
採取カフIISB2,採取+2:氷結剣+2:地図+1,2,匠の根性×2:匠の心×2:匠の意地×2,5000
弾調合カフIISB1,弾調合+4:笛吹き名人+1,2,カフの素・祭×2,5000
耐火カフIISB1,火耐性+3:火属性攻撃+2,2,カフの素・祭×2,5000
耐水カフIISB1,水耐性+3:水属性攻撃+2,2,イベント補助券×2,5000
耐氷カフIISB1,氷耐性+3:氷属性攻撃+2,2,イベント補助券×2,5000
耐雷カフIISB1,雷耐性+3:雷属性攻撃+2,2,猟団チケット×66,5000
耐暑カフIISB1,耐暑+3:龍耐性+2,2,猟団チケット×66,5000
千里カフIISB3,千里眼+4:地形+1,2,カフの素・灰梅×20,5000
小刀カフIISB4,ナイフ使い+2:調合成功率+2:水耐性+1,2,カフの素・枯草×20,5000
対防カフIISB2,対防御DOWN+4:龍耐性+1,2,カフの素・枯草×20,5000
小刀カフIISB3,ナイフ使い+2:回復+2:火耐性+1,2,カフの素・蒸栗x20,5000
労りカフIISB4,いたわり+2:千里眼+2:雷耐性+1,2,カフの素・蒸栗x20,5000
労りカフIISB1,いたわり+4:麻痺+1,2,カフの素・紅碧x20,5000
対防カフIISB1,対防御DOWN+4:全耐性UP+1,2,カフの素・紅碧x20,5000
小刀カフIISB2,ナイフ使い+4:地形+1,2,カフの素・留紺×20,5000
対防カフIISB3,対防御DOWN+2:受け身+2:耐暑+1,2,カフの素・留紺×20,5000
労りカフIISB2,いたわり+4:気絶+1,2,カフの素・刈安×20,5000
対防カフIISB4,対防御DOWN+2:絆+2:耐寒+1,2,カフの素・刈安×20,5000
小刀カフIISB1,ナイフ使い+4:食事+1,2,カフの素・象牙×20,5000
労りカフIISB3,いたわり+2:気まぐれ+2:氷耐性+1,2,カフの素・象牙×20,5000
追貫カフIISB5,貫通弾追加+4:気まぐれ+1,2,カフの素・青紫×20,5000
広域カフIISB7,広域+4:効果持続+1,2,カフの素・青紫×20,5000
追貫カフIISB4,貫通弾追加+2:高速収集+2:声帯+1,2,カフの素・鉄紺×20,5000
広域カフIISB6,広域+2:弾調合+2:とんずら+1,2,カフの素・鉄紺×20,5000
追貫カフIISB2,貫通弾追加+2:龍耐性+2:モンスター+1,2,カフの素・夏虫×20,5000
広域カフIISB4,広域+2:回復+2:肉焼き+1,2,カフの素・夏虫×20,5000
追貫カフIISB3,貫通弾追加+4:採取+1,2,カフの素・淡黄×20,5000
広域カフIISB5,広域+4:調合成功率+1,2,カフの素・淡黄×20,5000
気絶カフIISB1,気絶+4:絆+1,2,カフの素・樺×20,5000
毒カフIISB1,毒+4:笛吹き名人+1,2,カフの素・樺×20,5000
広域カフIISB1,広域+4:回復+1,2,カフの素・練×20,5000
運搬カフIISB1,運搬+4:地形+1,2,カフの素・練×20,5000
追貫カフIISB9,貫通弾追加+2:回復+2:声帯+1,2,カフの素・金赤×20,5000
広域カフIISB11,広域+2:千里眼+2:とんずら+1,2,カフの素・金赤×20,5000
追貫カフIISB6,貫通弾追加+4:気絶+1,2,カフの素・黒檀×20,5000
広域カフIISB8,広域+4:麻痺+1,2,カフの素・黒檀×20,5000
千里カフIISB1,千里眼+4:絆+1,2,カフの素・曙×20,5000
腹減カフIISB1,はらへり+4:全耐性UP+1,2,カフの素・曙×20,5000
麻痺カフSC1,麻痺+2,1,イベント補助券×1,500
麻痺カフSC2,麻痺+1:麻痺瓶追加+1,1,イベント補助券×1,500
麻痺カフSC3,麻痺+1:ひらめき+1,1,イベント補助券×1,500
麻痺カフSC4,麻痺+1:脱臭+1,1,イベント補助券×1,500
麻痺カフSC5,麻痺+1:睡眠+1,1,イベント補助券×1,500
麻痺カフSC6,麻痺+1:捕獲上手-10,1,イベント補助券×1,500
気絶カフSC1,気絶+2,1,イベント補助券×1,500
気絶カフSC2,気絶+1:自動防御+1,1,イベント補助券×1,500
気絶カフSC3,気絶+1:強肩+1,1,イベント補助券×1,500
気絶カフSC4,気絶+1:圧力+1,1,イベント補助券×1,500
気絶カフSC5,気絶+1:声帯+1,1,イベント補助券×1,500
気絶カフSC6,気絶+1:食いしん坊-10,1,イベント補助券×1,500
毒カフSC1,毒+2,1,イベント補助券×1,500
毒カフSC2,毒+1:回復速度+1,1,イベント補助券×1,500
毒カフSC3,毒+1:捕獲上手+1,1,イベント補助券×1,500
毒カフSC4,毒+1:投擲+1,1,猟団チケット×33,500
毒カフSC5,毒+1:釣り+1,1,猟団チケット×33,500
毒カフSC6,毒+1:盗み無効-10,1,猟団チケット×33,500
貫弾追カフSC1,貫通弾追加+2,1,猟団チケット×33,500
貫弾追カフSC2,貫通弾追加+1:毒瓶追加+1,1,猟団チケット×33,500
貫弾追カフSC3,貫通弾追加+1:麻痺瓶追加+1,1,猟団チケット×33,500
貫弾追カフSC4,貫通弾追加+1:睡眠瓶追加+1,1,猟団チケット×33,500
貫弾追カフSC5,貫通弾追加+1:爆弾強化+1,1,猟団チケット×33,500
貫弾追カフSC6,貫通弾追加+1:爆弾強化-10,1,猟団チケット×33,500
腹へりカフSC1,はらへり+2,1,猟団チケット×33,500
腹へりカフSC2,はらへり+1:睡眠+1,1,猟団チケット×33,500
腹へりカフSC3,はらへり+1:脱臭+1,1,猟団チケット×33,500
腹へりカフSC4,はらへり+1:盗み無効+1,1,猟団チケット×33,500
腹へりカフSC5,はらへり+1:防御+1,1,猟団チケット×33,500
腹へりカフSC6,はらへり+1:睡眠-10,1,猟団チケット×33,500
広域カフSC1,広域+2,1,カフの素・祭×1,500
広域カフSC2,広域+1:火耐性+1,1,カフの素・祭×1,500
広域カフSC3,広域+1:水耐性+1,1,カフの素・祭×1,500
広域カフSC4,広域+1:氷耐性+1,1,カフの素・祭×1,500
広域カフSC5,広域+1:雷耐性+1,1,カフの素・祭×1,500
広域カフSC6,広域+1:毒瓶追加-10,1,カフの素・祭×1,500
全耐性カフSC1,全耐性UP+2,1,カフの素・祭×1,500
全耐性カフSC2,全耐性UP+1:火耐性+1,1,カフの素・祭×1,500
全耐性カフSC3,全耐性UP+1:水耐性+1,1,カフの素・祭×1,500
全耐性カフSC4,全耐性UP+1:氷耐性+1,1,カフの素・祭×1,500
全耐性カフSC5,全耐性UP+1:雷耐性+1,1,祭典の思い出×10,500
全耐性カフSC6,全耐性UP+1:睡眠瓶追加-10,1,祭典の思い出×10,500
採取カフSC1,採取+2,1,祭典の思い出×10,500
採取カフSC2,採取+1:投擲+1,1,祭典の思い出×10,500
採取カフSC3,採取+1:釣り+1,1,祭典の思い出×10,500
採取カフSC4,採取+1:盗み無効+1,1,祭典の思い出×10,500
採取カフSC5,採取+1:食いしん坊+1,1,祭典の思い出×10,500
採取カフSC6,採取+1:麻痺瓶追加-10,1,祭典の思い出×10,500
千里眼カフSC1,千里眼+2,1,祭典の思い出×10,500
千里眼カフSC2,千里眼+1:通常弾追加+1,1,祭典の思い出×10,500
千里眼カフSC3,千里眼+1:散弾追加+1,1,カフの素・黒×10,500
千里眼カフSC4,千里眼+1:榴弾追加+1,1,カフの素・黒×10,500
千里眼カフSC5,千里眼+1:拡散弾追加+1,1,カフの素・黒×10,500
千里眼カフSC6,千里眼+1:圧力-10,1,カフの素・黒×10,500
食事カフSC1,食事+2,1,カフの素・黒×10,500
食事カフSC2,食事+1:食いしん坊+1,1,カフの素・白×10,500
食事カフSC3,食事+1:釣り+1,1,カフの素・白×10,500
食事カフSC4,食事+1:肉焼き+1,1,カフの素・白×10,500
食事カフSC5,食事+1:体力+1,1,カフの素・白×10,500
食事カフSC6,食事+1:効果持続-10,1,カフの素・白×10,500
声帯カフSC1,声帯+2,1,カフの素・青×10,500
声帯カフSC2,声帯+1:気配+1,1,カフの素・青×10,500
声帯カフSC3,声帯+1:回復速度+1,1,カフの素・青×10,500
声帯カフSC4,声帯+1:地図+1,1,カフの素・青×10,500
声帯カフSC5,声帯+1:強肩+1,1,カフの素・青×10,500
声帯カフSC6,声帯+1:食事+1,1,カフの素・紫×10,500
肉焼きカフSC1,肉焼き+2,1,カフの素・紫×10,500
肉焼きカフSC2,肉焼き+1:火耐性+1,1,カフの素・紫×10,500
肉焼きカフSC3,肉焼き+1:水耐性+1,1,カフの素・紫×10,500
肉焼きカフSC4,肉焼き+1:氷耐性+1,1,カフの素・紫×10,500
肉焼きカフSC5,肉焼き+1:雷耐性+1,1,カフの素・桜×10,500
肉焼きカフSC6,肉焼き+1:はらへり-10,1,カフの素・桜×10,500
榴弾追カフSC1,榴弾追加+2,1,カフの素・桜×10,500
榴弾追カフSC2,榴弾追加+1:爆弾強化+1,1,カフの素・桜×10,500
榴弾追カフSC3,榴弾追加+1:拡散弾追加+1,1,カフの素・桜×10,500
榴弾追カフSC4,榴弾追加+1:火耐性+1,1,カフの素・赤×10,500
榴弾追カフSC5,榴弾追加+1:氷耐性+1,1,カフの素・赤×10,500
榴弾追カフSC6,榴弾追加+1:採取-10,1,カフの素・赤×10,500
拡弾追カフSC1,拡散弾追加+2,1,カフの素・赤×10,500
拡弾追カフSC2,拡散弾追加+1:散弾追加+1,1,カフの素・赤×10,500
拡弾追カフSC3,拡散弾追加+1:通常弾追加+1,1,カフの素・緑×10,500
拡弾追カフSC4,拡散弾追加+1:雷耐性+1,1,カフの素・緑×10,500
拡弾追カフSC5,拡散弾追加+1:水耐性+1,1,カフの素・緑×10,500
拡弾追カフSC6,拡散弾追加+1:回復速度-10,1,カフの素・緑×10,500
地図カフSC1,地図+2,1,カフの素・緑×10,500
地図カフSC2,地図+1:錬金術+1,1,カフの素・黄×10,500
地図カフSC3,地図+1:肉焼き+1,1,カフの素・黄×10,500
地図カフSC4,地図+1:声帯+1,1,カフの素・黄×10,500
地図カフSC5,地図+1:釣り+1,1,カフの素・黄×10,500
地図カフSC6,地図+1:麻痺-10,1,カフの素・黄×10,500
釣りカフSC1,釣り+2,1,匠の根性×1:匠の心×1:匠の意地×1,500
釣りカフSC2,釣り+1:防御+1,1,匠の根性×1:匠の心×1:匠の意地×1,500
釣りカフSC3,釣り+1:強肩+1,1,匠の根性×1:匠の心×1:匠の意地×1,500
釣りカフSC4,釣り+1:投擲+1,1,匠の根性×1:匠の心×1:匠の意地×1,500
釣りカフSC5,釣り+1:ひらめき+1,1,匠の根性×1:匠の心×1:匠の意地×1,500
釣りカフSC6,釣り+1:耐暑-10,1,カフの素・橙×10,500
火耐性カフSC1,火耐性+2,1,カフの素・橙×10,500
火耐性カフSC2,火耐性+1:毒瓶追加+1,1,カフの素・橙×10,500
火耐性カフSC3,火耐性+1:水耐性+1,1,カフの素・橙×10,500
火耐性カフSC4,火耐性+1:防御+1,1,カフの素・橙×10,500
火耐性カフSC5,火耐性+1:耐暑+1,1,カフの素・水×10,500
火耐性カフSC6,火耐性+1:錬金術-10,1,カフの素・水×10,500
水耐性カフSC1,水耐性+2,1,カフの素・水×10,500
水耐性カフSC2,水耐性+1:睡眠瓶追加+1,1,カフの素・水×10,500
水耐性カフSC3,水耐性+1:雷耐性+1,1,カフの素・水×10,500
水耐性カフSC4,水耐性+1:体力+1,1,カフの素・灰×10,500
水耐性カフSC5,水耐性+1:声帯+1,1,カフの素・灰×10,500
水耐性カフSC6,水耐性+1:毒-10,1,カフの素・灰×10,500
氷耐性カフSC1,氷耐性+2,1,カフの素・灰×10,500
氷耐性カフSC2,氷耐性+1:麻痺瓶追加+1,1,カフの素・灰×10,500
氷耐性カフSC3,氷耐性+1:火耐性+1,1,カフの素・胡粉×10,500
氷耐性カフSC4,氷耐性+1:脱臭+1,1,カフの素・胡粉×10,500
氷耐性カフSC5,氷耐性+1:耐雪+1,1,カフの素・胡粉×10,500
氷耐性カフSC6,氷耐性+1:耐寒-10,1,カフの素・胡粉×10,500
雷耐性カフSC1,雷耐性+2,1,カフの素・胡粉×10,500
雷耐性カフSC2,雷耐性+1:とんずら+1,1,シトゥルゥコイン×1,500
雷耐性カフSC3,雷耐性+1:氷耐性+1,1,シトゥルゥコイン×1,500
雷耐性カフSC4,雷耐性+1:気配+1,1,シトゥルゥコイン×1,500
雷耐性カフSC5,雷耐性+1:自動防御+1,1,シトゥルゥコイン×1,500
雷耐性カフSC6,雷耐性+1:地図-10,1,シトゥルゥコイン×1,500
爆撃剣カフSC1,爆撃剣+2,1,カフの素・朱×10,500
爆撃剣カフSC2,爆撃剣+1:火耐性+1,1,カフの素・褐返×10,500
爆撃剣カフSC3,爆撃剣+1:水耐性+1,1,カフの素・褐返×10,500
爆撃剣カフSC4,爆撃剣+1:氷耐性+1,1,カフの素・褐返×10,500
爆撃剣カフSC5,爆撃剣+1:雷耐性+1,1,カフの素・褐返×10,500
爆撃剣カフSC6,爆撃剣+1:龍王剣-10,1,カフの素・卯花×10,500
火炎剣カフSC1,火炎剣+2,1,カフの素・若草×10,500
火炎剣カフSC2,火炎剣+1:火耐性+1,1,カフの素・卯花×10,500
火炎剣カフSC3,火炎剣+1:水耐性+1,1,カフの素・卯花×10,500
火炎剣カフSC4,火炎剣+1:氷耐性+1,1,カフの素・卯花×10,500
火炎剣カフSC5,火炎剣+1:雷耐性+1,1,匠の根性×1:匠の心×1:匠の意地×1,500
火炎剣カフSC6,火炎剣+1:氷結剣-10,1,匠の根性×1:匠の心×1:匠の意地×1,500
水激剣カフSC1,水激剣+2,1,カフの素・紅×10,500
水激剣カフSC2,水激剣+1:火耐性+1,1,匠の根性×1:匠の心×1:匠の意地×1,500
水激剣カフSC3,水激剣+1:水耐性+1,1,匠の根性×1:匠の心×1:匠の意地×1,500
水激剣カフSC4,水激剣+1:氷耐性+1,1,カフの素・柑子×10,500
水激剣カフSC5,水激剣+1:雷耐性+1,1,カフの素・柑子×10,500
水激剣カフSC6,水激剣+1:火炎剣-10,1,カフの素・柑子×10,500
雷神剣カフSC1,雷神剣+2,1,カフの素・松葉×10,500
雷神剣カフSC2,雷神剣+1:火耐性+1,1,カフの素・柑子×10,500
雷神剣カフSC3,雷神剣+1:水耐性+1,1,カフの素・白藍×10,500
雷神剣カフSC4,雷神剣+1:氷耐性+1,1,カフの素・白藍×10,500
雷神剣カフSC5,雷神剣+1:雷耐性+1,1,カフの素・白藍×10,500
雷神剣カフSC6,雷神剣+1:水激剣-10,1,カフの素・白藍×10,500
氷結剣カフSC1,氷結剣+2,1,カフの素・緋×10,500
氷結剣カフSC2,氷結剣+1:火耐性+1,1,カフの素・祭×1,500
氷結剣カフSC3,氷結剣+1:水耐性+1,1,カフの素・祭×1,500
氷結剣カフSC4,氷結剣+1:氷耐性+1,1,カフの素・祭×1,500
氷結剣カフSC5,氷結剣+1:雷耐性+1,1,カフの素・祭×1,500
氷結剣カフSC6,氷結剣+1:雷神剣-10,1,カフの素・祭×1,500
防御カフSC1,防御+2,1,祭典の思い出×10,500
防御カフSC2,防御+1:耐暑+1,1,祭典の思い出×10,500
防御カフSC3,防御+1:耐寒+1,1,祭典の思い出×10,500
防御カフSC4,防御+1:耐雪+1,1,祭典の思い出×10,500
防御カフSC5,防御+1:声帯+1,1,祭典の思い出×10,500
防御カフSC6,防御+1:耐雪-10,1,イベント補助券×1,500
耐雪カフSC1,耐雪+2,1,イベント補助券×1,500
耐雪カフSC2,耐雪+1:盗み無効+1,1,イベント補助券×1,500
耐雪カフSC3,耐雪+1:耐寒+1,1,イベント補助券×1,500
耐雪カフSC4,耐雪+1:投擲+1,1,イベント補助券×1,500
耐雪カフSC5,耐雪+1:睡眠+1,1,猟団チケット×33,500
耐雪カフSC6,耐雪+1:通常弾追加-10,1,猟団チケット×33,500
耐暑カフSC1,耐暑+2,1,猟団チケット×33,500
耐暑カフSC2,耐暑+1:爆弾強化+1,1,猟団チケット×33,500
耐暑カフSC3,耐暑+1:体力+1,1,猟団チケット×33,500
耐暑カフSC6,耐暑+1:榴弾追加-10,1,匠の根性×1:匠の心×1:匠の意地×1,500
耐寒カフSC1,耐寒+2,1,カフの素・柑子×10,500
耐寒カフSC2,耐寒+1:地図+1,1,カフの素・白藍×10,500
広域カフSC7,広域+1:通常弾追加+1,1,カフの素・漆黒×10,500
広域カフSC8,広域+1:散弾追加+1,1,カフの素・藤×10,500
広域カフSC9,広域+1:拡散弾追加+1,1,カフの素・祭×1,500
広域カフSC10,広域+1:防御+1,1,猟団チケット×33,500
受け身カフSC3,受け身+1:耐寒+1,1,カフの素・漆黒×10,500
受け身カフSC4,受け身+1:圧力+1,1,カフの素・藤×10,500
受け身カフSC5,受け身+1:回復-10,1,カフの素・祭×1,500
調合成カフSC1,調合成功率+1:通常弾追加+1,1,猟団チケット×33,500
調合成カフSC5,調合成功率+1:貫通弾追加-10,1,カフの素・漆黒×10,500
運搬カフSC1,運搬+1:睡眠+1,1,カフの素・藤×10,500
運搬カフSC2,運搬+1:気配+1,1,カフの素・祭×1,500
運搬カフSC3,運搬+1:とんずら+1,1,猟団チケット×33,500
気まぐれカフSC2,気まぐれ+1:肉焼き+1,1,カフの素・漆黒×10,500
気まぐれカフSC3,気まぐれ+1:食いしん坊+1,1,カフの素・藤×10,500
気まぐれカフSC4,気まぐれ+1:地図+1,1,カフの素・祭×1,500
気まぐれカフSC5,気まぐれ+1:砲術師-10,1,猟団チケット×33,500
食事カフSC10,食事+1:睡眠+1,1,カフの素・漆黒×10,500
食事カフSC11,食事+1:気まぐれ-10,1,カフの素・藤×10,500
睡瓶追カフSC1,睡眠瓶追加+2,1,カフの素・祭×1,500
睡瓶追カフSC2,睡眠瓶追加+1:火耐性+1,1,猟団チケット×33,500
麻瓶追カフSC1,麻痺瓶追加+2,1,カフの素・白班×10,500
麻瓶追カフSC2,麻痺瓶追加+1:火耐性+1,1,カフの素・桃×10,500
麻瓶追カフSC3,麻痺瓶追加+1:水耐性+1,1,祭典の思い出×10,500
麻瓶追カフSC4,麻痺瓶追加+1:雷耐性+1,1,カフの素・白班×10,500
麻瓶追カフSC5,麻痺瓶追加+1:水耐性-10,1,カフの素・桃×10,500
毒瓶追カフSC1,毒瓶追加+2,1,祭典の思い出×10,500
毒瓶追カフSC2,毒瓶追加+1:水耐性+1,1,カフの素・白班×10,500
毒瓶追カフSC3,毒瓶追加+1:氷耐性+1,1,カフの素・桃×10,500
毒瓶追カフSC4,毒瓶追加+1:雷耐性+1,1,祭典の思い出×10,500
毒瓶追カフSC5,毒瓶追加+1:氷耐性-10,1,カフの素・白班×10,500
捕獲上カフSC1,捕獲上手+2,1,カフの素・桃×10,500
捕獲上カフSC2,捕獲上手+1:圧力+1,1,祭典の思い出×10,500
捕獲上カフSC3,捕獲上手+1:強肩+1,1,カフの素・白班×10,500
捕獲上カフSC4,捕獲上手+1:体術+1,1,カフの素・桃×10,500
捕獲上カフSC5,捕獲上手+1:雷耐性-10,1,祭典の思い出×10,500
閃きカフSC1,ひらめき+2,1,カフの素・紺×10,500
閃きカフSC2,ひらめき+1:気配+1,1,カフの素・茜×10,500
閃きカフSC3,ひらめき+1:脱臭+1,1,カフの素・紺×10,500
閃きカフSC4,ひらめき+1:防御+1,1,カフの素・茜×10,500
閃きカフSC5,ひらめき+1:肉焼き-10,1,カフの素・紺×10,500
モンスカフSC1,モンスター+2,1,カフの素・茜×10,500
モンスカフSC2,モンスター+1:地図+1,1,カフの素・紺×10,500
モンスカフSC3,モンスター+1:睡眠+1,1,カフの素・茜×10,500
モンスカフSC4,モンスター+1:回復速度+1,1,カフの素・紺×10,500
モンスカフSC5,モンスター+1:散弾追加+1,1,カフの素・茜×10,500
効果持カフSC1,効果持続+1:回復速度+1,1,カフの素・芥子×10,500
効果持カフSC2,効果持続+1:体力+1,1,カフの素・翡翠×10,500
効果持カフSC4,効果持続+1:睡眠+1,1,カフの素・芥子×10,500
効果持カフSC5,効果持続+1:脱臭+1,1,カフの素・翡翠×10,500
弾調合カフSC2,弾調合+1:錬金術+1,1,カフの素・芥子×10,500
弾調合カフSC3,弾調合+1:気配+1,1,カフの素・翡翠×10,500
弾調合カフSC5,弾調合+1:とんずら+1,1,カフの素・芥子×10,500
麻痺カフSC7,麻痺+1:火耐性+1,1,カフの素・翡翠×10,500
麻痺カフSC9,麻痺+1:氷耐性+1,1,カフの素・芥子×10,500
麻痺カフSC10,麻痺+1:雷耐性+1,1,カフの素・翡翠×10,500
気絶カフSC7,気絶+1:睡眠+1,1,カフの素・空×10,500
気絶カフSC8,気絶+1:脱臭+1,1,カフの素・金茶×10,500
気絶カフSC9,気絶+1:気配+1,1,カフの素・祭×1,500
気絶カフSC10,気絶+1:防御+1,1,カフの素・空×10,500
気絶カフSC11,気絶+1:捕獲上手+1,1,カフの素・金茶×10,500
高速収カフSC1,高速収集+1:とんずら+1,1,カフの素・祭×1,500
高速収カフSC2,高速収集+1:体術+1,1,カフの素・空×10,500
高速収カフSC3,高速収集+1:強肩+1,1,カフの素・金茶×10,500
高速収カフSC4,高速収集+1:ひらめき+1,1,カフの素・祭×1,500
高速収カフSC5,高速収集+1:圧力+1,1,カフの素・空×10,500
龍王剣カフSC1,龍王剣+1:モンスター+1,1,カフの素・金茶×10,500
龍王剣カフSC2,龍王剣+1:肉焼き+1,1,カフの素・祭×1,500
龍王剣カフSC3,龍王剣+1:声帯+1,1,カフの素・空×10,500
龍王剣カフSC4,龍王剣+1:地図+1,1,カフの素・金茶×10,500
龍王剣カフSC5,龍王剣+1:食いしん坊+1,1,カフの素・祭×1,500
爆弾強カフSC1,爆弾強化+1:火耐性+1,1,カフの素・濡羽×10,500
爆弾強カフSC2,爆弾強化+1:防御+1,1,カフの素・鼠×10,500
爆弾強カフSC3,爆弾強化+1:脱臭+1,1,猟団チケット×33,500
爆弾強カフSC4,爆弾強化+1:耐雪+1,1,カフの素・濡羽×10,500
爆弾強カフSC5,爆弾強化+1:投擲+1,1,カフの素・鼠×10,500
自防御カフSC1,自動防御+1:耐雪+1,1,猟団チケット×33,500
自防御カフSC2,自動防御+1:体力+1,1,カフの素・濡羽×10,500
自防御カフSC3,自動防御+1:回復速度+1,1,カフの素・鼠×10,500
自防御カフSC4,自動防御+1:防御+1,1,猟団チケット×33,500
自防御カフSC5,自動防御+1:盗み無効+1,1,カフの素・濡羽×10,500
体力カフSC1,体力+1:通常弾追加+1,1,カフの素・鼠×10,500
体力カフSC2,体力+1:散弾追加+1,1,猟団チケット×33,500
体力カフSC3,体力+1:榴弾追加+1,1,カフの素・濡羽×10,500
体力カフSC4,体力+1:拡散弾弾追加+1,1,カフの素・鼠×10,500
体力カフSC5,体力+1:爆弾強化+1,1,猟団チケット×33,500
投擲カフSC1,投擲+1:捕獲上手+1,1,カフの素・乳白×10,500
投擲カフSC2,投擲+1:ひらめき+1,1,カフの素・杜若×10,500
投擲カフSC3,投擲+1:圧力+1,1,イベント補助券×1,500
投擲カフSC4,投擲+1:地図+1,1,カフの素・乳白×10,500
投擲カフSC5,投擲+1:モンスター+1,1,カフの素・杜若×10,500
盗無効カフSC1,盗み無効+1:ひらめき+1,1,イベント補助券×1,500
盗無効カフSC2,盗み無効+1:とんずら+1,1,カフの素・乳白×10,500
盗無効カフSC3,盗み無効+1:体術+1,1,カフの素・杜若×10,500
盗無効カフSC4,盗み無効+1:強肩+1,1,イベント補助券×1,500
盗無効カフSC5,盗み無効+1:捕獲上手+1,1,カフの素・乳白×10,500
肉焼きカフSC7,肉焼き+1:睡眠+1,1,カフの素・杜若×10,500
肉焼きカフSC8,肉焼き+1:脱臭+1,1,イベント補助券×1,500
肉焼きカフSC9,肉焼き+1:耐雪+1,1,カフの素・乳白×10,500
肉焼きカフSC10,肉焼き+1:気配+1,1,カフの素・杜若×10,500
肉焼きカフSC11,肉焼き+1:体力+1,1,イベント補助券×1,500
火攻撃カフSC1,火属性攻撃+2,1,カフの素・霞草×10,500
火攻撃カフSC2,火属性攻撃+1:防御+1,1,カフの素・千歳×10,500
火攻撃カフSC3,火属性攻撃+1:体術+1,1,カフの素・常磐×10,500
火攻撃カフSC4,火属性攻撃+1:ひらめき+1,1,カフの素・千歳×10,500
火攻撃カフSC5,火属性攻撃+1:連射-10,1,カフの素・常磐×10,500
水攻撃カフSC1,水属性攻撃+2,1,カフの素・千歳×10,500
水攻撃カフSC2,水属性攻撃+1:氷耐性+1,1,カフの素・常磐×10,500
水攻撃カフSC3,水属性攻撃+1:雷耐性+1,1,カフの素・霞草×10,500
水攻撃カフSC4,水属性攻撃+1:火耐性+1,1,カフの素・常磐×10,500
水攻撃カフSC5,水属性攻撃+1:風圧-10,1,カフの素・霞草×10,500
雷攻撃カフSC1,雷属性攻撃+2,1,カフの素・常磐×10,500
雷攻撃カフSC2,雷属性攻撃+1:耐雪+1,1,カフの素・千歳×10,500
雷攻撃カフSC3,雷属性攻撃+1:耐寒+1,1,カフの素・霞草×10,500
雷攻撃カフSC4,雷属性攻撃+1:耐暑+1,1,カフの素・霞草×10,500
雷攻撃カフSC5,雷属性攻撃+1:高速収集-10,1,カフの素・千歳×10,500
とんずらカフSC1,とんずら+2,1,カフの素・祭×2,500
とんずらカフSC2,とんずら+1:防御+1,1,イベント補助券×1,500
とんずらカフSC3,とんずら+1:気配+1,1,猟団チケット×33,500
とんずらカフSC4,とんずら+1:体力+1,1,匠の根性×1:匠の心×1:匠の意地×1,500
体力カフSC6,体力+2,1,猟団チケット×33,500
体力カフSC8,体力+1:モンスター+1,1,カフの素・祭×2,500
体力カフSC9,体力+1:捕獲上手+1,1,匠の根性×1:匠の心×1:匠の意地×1,500
通弾追カフSC1,通常弾追加+2,1,イベント補助券×1,500
通弾追カフSC2,通常弾追加+1:爆弾強化+1,1,匠の根性×1:匠の心×1:匠の意地×1,500
通弾追カフSC4,通常弾追加+1:強肩+1,1,イベント補助券×1,500
通弾追カフSC5,通常弾追加+1:精密射撃-10,1,カフの素・祭×2,500
散弾追カフSC2,散弾追加+1:圧力+1,1,匠の根性×1:匠の心×1:匠の意地×1,500
散弾追カフSC3,散弾追加+1:毒瓶追加+1,1,猟団チケット×33,500
散弾追カフSC4,散弾追加+1:麻痺瓶追加+1,1,カフの素・祭×2,500
散弾追カフSC5,散弾追加+1:睡眠瓶追加-10,1,カフの素・薄香×10,500
自防御カフSC6,自動防御+2,1,匠の根性×1:匠の心×1:匠の意地×1,500
自防御カフSC7,自動防御+1:声帯+1,1,カフの素・祭×2,500
自防御カフSC8,自動防御+1:体術+1,1,猟団チケット×33,500
自防御カフSC9,自動防御+1:気配+1,1,イベント補助券×1,500
睡眠カフSC2,睡眠+1:錬金術+1,1,イベント補助券×1,500
睡眠カフSC4,睡眠+1:爆弾強化+1,1,猟団チケット×33,500
笛吹カフIISC2,笛吹き名人+1:錬金術+2:とんずら+1,1,カフの素・祭×1,500
地形カフIISC2,地形+1:肉焼き+2:爆弾強化+1,1,カフの素・祭×1,500
採取カフIISC2,採取+1:圧力+2:捕獲上手+1,1,カフの素・祭×1,500
追貫カフIISC2,貫通弾追加+1:モンスター+2:圧力+1,1,カフの素・祭×1,500
耐震カフIISC2,耐震+1:体術+2:拡散弾追加+1,1,カフの素・祭×1,500
捕獲カフIISC2,捕獲上手+2:ひらめき+2,1,イベント補助券×1,500
速逃カフIISC2,とんずら+2:体力+2,1,イベント補助券×1,500
閃きカフIISC2,ひらめき+2:食いしん坊+2,1,イベント補助券×1,500
防御カフIISC2,防御+2:火耐性+2,1,イベント補助券×1,500
速復カフIISC2,回復速度+2:気配+2,1,イベント補助券×1,500
睡眠カフIISC1,睡眠+2:耐雪+1:圧力+1,1,匠の根性×1:匠の心×1:匠の意地×1,500
睡眠カフIISC2,睡眠+2:耐寒+2,1,猟団チケット×33,500
睡眠カフIISC3,睡眠+2:毒瓶追加+2,1,イベント補助券×1,500
睡眠カフIISC4,睡眠+4:絆-10,1,猟団チケット×33,500
脱臭カフIISC1,脱臭+2:睡眠+1:錬金術+1,1,匠の根性×1:匠の心×1:匠の意地×1,500
脱臭カフIISC2,脱臭+2:耐暑+2,1,猟団チケット×33,500
脱臭カフIISC3,脱臭+2:麻痺瓶追加+2,1,イベント補助券×1,500
脱臭カフIISC4,脱臭+4:根性-10,1,猟団チケット×33,500
耐雪カフIISC1,耐雪+2:脱臭+1:盗み無効+1,1,匠の根性×1:匠の心×1:匠の意地×1,500
耐雪カフIISC2,耐雪+2:とんずら+2,1,猟団チケット×33,500
耐雪カフIISC3,耐雪+2:毒瓶追加+2,1,イベント補助券×1,500
耐雪カフIISC4,耐雪+4:溜め短縮-10,1,猟団チケット×33,500
気絶カフIISC1,気配+2:体力+1:強肩+1,1,匠の根性×1:匠の心×1:匠の意地×1,500
気絶カフIISC2,気配+2:地図+2,1,猟団チケット×33,500
気絶カフIISC3,気配+2:声帯+2,1,イベント補助券×1,500
気絶カフIISC4,気配+4:高速収集-10,1,猟団チケット×33,500
体力カフIISC1,体力+2:地図+1:釣り+1,1,匠の根性×1:匠の心×1:匠の意地×1,500
体力カフIISC2,体力+2:錬金術+2,1,猟団チケット×33,500
体力カフIISC3,体力+2:自動防御+2,1,イベント補助券×1,500
体力カフIISC4,体力+4:ガード性能-10,1,猟団チケット×33,500
速収カフIISC2,高速収集+1:回復速度+2:ひらめき+1,1,カフの素・祭×1,500
運搬カフIISC2,運搬+1:脱臭+2:体力+1,1,カフの素・祭×1,500
広域カフIISC2,広域+1:圧力+2:耐寒+1,1,カフの素・祭×1,500
腹減カフIISC2,はらへり+1:耐寒+2:体術+1,1,カフの素・祭×1,500
毒カフIISC2,毒+1:気配+2:爆弾強化+1,1,カフの素・祭×1,500
地図カフIISC1,地図+1:回復速度+2:氷耐性+1,1,匠の根性×1:匠の心×1:匠の意地×1,500
地図カフIISC3,地図+3:榴弾追加+1,1,イベント補助券×1,500
地図カフIISC4,地図+4:火属性攻撃-10,1,猟団チケット×33,500
錬金カフIISC1,錬金術+2:睡眠瓶追加+1:圧力+1,1,匠の根性×1:匠の心×1:匠の意地×1,500
錬金カフIISC3,錬金術+3:体力+1,1,イベント補助券×1,500
錬金カフIISC4,錬金術+4:水属性攻撃-10,1,猟団チケット×33,500
速逃カフIISC5,とんずら+2:麻痺瓶追加+1:捕獲上手+1,1,匠の根性×1:匠の心×1:匠の意地×1,500
速逃カフIISC7,とんずら+3:声帯+1,1,イベント補助券×1,500
速逃カフIISC8,とんずら+4:雷属性攻撃-10,1,猟団チケット×33,500
肉焼きカフIISC1,肉焼き+2:拡散弾追加+1:水耐性+1,1,匠の根性×1:匠の心×1:匠の意地×1,500
肉焼きカフIISC3,肉焼き+3:地図+1,1,イベント補助券×1,500
肉焼きカフIISC4,肉焼き+4:氷属性攻撃-10,1,猟団チケット×33,500
追榴カフIISC1,榴弾追加+2:モンスター+1:耐暑+1,1,匠の根性×1:匠の心×1:匠の意地×1,500
追榴カフIISC3,榴弾追加+3:雷耐性+1,1,イベント補助券×1,500
追榴カフIISC4,榴弾追加+4:龍属性攻撃-10,1,猟団チケット×33,500
防御カフIISC5,防御+4:運気-10,1,カフの素・灰梅×10,500
速復カフIISC5,回復速度+4:麻痺瓶追加-10,1,カフの素・灰梅×10,500
錬金カフIISC5,錬金術+4:毒瓶追加-10,1,カフの素・灰梅×10,500
捕獲カフIISC5,捕獲上手+4:睡眠瓶追加-10,1,カフの素・灰梅×10,500
自防カフIISC5,自動防御+4:底力-10,1,カフの素・灰梅×10,500
効持カフIISC6,効果持続+2:耐寒+1:麻痺瓶追加+1,1,カフの素・枯草×10,500
広域カフIISC4,広域+2:モンスター+1:釣り+1,1,カフの素・枯草×10,500
回復カフIISC4,回復+2:とんずら+1:投擲+1,1,カフの素・枯草×10,500
耐雪カフIISC7,耐雪+3:捕獲上手+1,1,カフの素・枯草×10,500
強爆カフIISC7,爆弾強化+3:雷耐性+1,1,カフの素・枯草×10,500
効持カフIISC5,効果持続+2:耐暑+1:毒瓶追加+1,1,カフの素・蒸栗x10,500
広域カフIISC6,広域+1:脱臭+2:爆弾強化+1,1,カフの素・蒸栗x10,500
回復カフIISC7,回復+1:散弾追加+2:地図+1,1,カフの素・蒸栗x10,500
食坊カフIISC8,食いしん坊+3:雷耐性+1,1,カフの素・蒸栗x10,500
強爆カフIISC8,爆弾強化+3:耐暑+1,1,カフの素・蒸栗x10,500
効持カフIISC8,効果持続+1:体術+2:捕獲上手+1,1,カフの素・紅碧 x10,500
回復カフIISC5,回復+2:拡散弾追加+1:体力+1,1,カフの素・紅碧 x10,500
食坊カフIISC6,食いしん坊+2:水耐性+2,1,カフの素・紅碧 x10,500
耐雪カフIISC5,耐雪+2:錬金術+1:気配+1,1,カフの素・紅碧 x10,500
強爆カフIISC5,爆弾強化+2:水耐性+1:ひらめき+1,1,カフの素・紅碧 x10,500
効持カフIISC7,効果持続+1:とんずら+2:睡眠瓶追加+1,1,カフの素・留紺×10,500
広域カフIISC5,広域+2:耐雪+1:肉焼き+1,1,カフの素・留紺×10,500
回復カフIISC3,回復+2:モンスター+1:釣り+1,1,カフの素・留紺×10,500
食坊カフIISC5,食いしん坊+2:火耐性+1:体術+1,1,カフの素・留紺×10,500
耐雪カフIISC8,耐雪+3:肉焼き+1,1,カフの素・留紺×10,500
広域カフIISC3,広域+2:気配+1:盗み無効+1,1,カフの素・刈安×10,500
回復カフIISC6,回復+1:榴弾追加+2:気配+1,1,カフの素・刈安×10,500
食坊カフIISC9,食いしん坊+4:運気-10,1,カフの素・刈安×10,500
耐雪カフIISC6,耐雪+2:回復速度+2,1,カフの素・刈安×10,500
強爆カフIISC6,爆弾強化+2:氷耐性+2,1,カフの素・刈安×10,500
効持カフIISC4,効果持続+2:雷耐性+1:モンスター+1,1,カフの素・象牙×10,500
広域カフIISC7,広域+1:投擲+2:ひらめき+1,1,カフの素・象牙×10,500
食坊カフIISC7,食いしん坊+3:氷耐性+1,1,カフの素・象牙×10,500
耐雪カフIISC9,耐雪+4:底力-10,1,カフの素・象牙×10,500
強爆カフIISC9,爆弾強化+4:広域-10,1,カフの素・象牙×10,500
運搬カフIISC7,運搬+4:体力+1,1,カフの素・青紫×10,500
耐龍カフIISC7,龍耐性+4:散弾追加+1,1,カフの素・青紫×10,500
採取カフIISC7,採取+4:防御+1,1,カフの素・青紫×10,500
睡眠カフIISC9,睡眠+3:雷耐性+1,1,カフの素・青紫×10,500
脱臭カフIISC9,脱臭+3:錬金術+1,1,カフの素・青紫×10,500
運搬カフIISC6,運搬+2:気配+2:強肩+1,1,カフの素・鉄紺×10,500
耐龍カフIISC6,龍耐性+2:通常弾追加+2:圧力+1,1,カフの素・鉄紺×10,500
採取カフIISC6,採取+2:食いしん坊+2:毒瓶追加+1,1,カフの素・鉄紺×10,500
睡眠カフIISC8,睡眠+3:氷耐性+1,1,カフの素・鉄紺×10,500
脱臭カフIISC8,脱臭+3:釣り+1,1,カフの素・鉄紺×10,500
運搬カフIISC4,運搬+2:脱臭+2:体術+1,1,カフの素・夏虫×10,500
耐龍カフIISC4,龍耐性+2:自動防御+2:ひらめき+1,1,カフの素・夏虫×10,500
採取カフIISC4,採取+2:拡散弾追加+2:捕獲上手+1,1,カフの素・夏虫×10,500
睡眠カフIISC6,睡眠+3:火耐性+1,1,カフの素・夏虫×10,500
脱臭カフIISC6,脱臭+3:耐寒+1,1,カフの素・夏虫×10,500
運搬カフIISC5,運搬+4:耐雪+1,1,カフの素・淡黄×10,500
耐龍カフIISC5,龍耐性+4:投擲+1,1,カフの素・淡黄×10,500
採取カフIISC5,採取+4:爆弾強化+1,1,カフの素・淡黄×10,500
睡眠カフIISC7,睡眠+3:水耐性+1,1,カフの素・淡黄×10,500
脱臭カフIISC7,脱臭+3:地図+1,1,カフの素・淡黄×10,500
笛吹カフIISC1,笛吹き名人+2:声帯+1:耐寒+1,1,カフの素・樺×10,500
地形カフIISC1,地形+2:爆弾強化+1:脱臭+1,1,カフの素・樺×10,500
採取カフIISC1,採取+2:ひらめき+1:防御+1,1,カフの素・樺×10,500
追貫カフIISC1,貫通弾追加+2:捕獲上手+1:強肩+1,1,カフの素・樺×10,500
耐震カフIISC1,耐震+2:とんずら+1:睡眠+1,1,カフの素・樺×10,500
捕獲カフIISC1,捕獲上手+2:圧力+1:食いしん坊+1,1,カフの素・練×10,500
速逃カフIISC1,とんずら+2:雷耐性+1:気配+1,1,カフの素・練×10,500
閃きカフIISC1,ひらめき+2:水耐性+1:捕獲上手+1,1,カフの素・練×10,500
防御カフIISC1,防御+2:釣り+1:体力+1,1,カフの素・練×10,500
速復カフIISC1,回復速度+2:氷耐性+1:ひらめき+1,1,カフの素・練×10,500
運搬カフIISC11,運搬+2:雷耐性+2:強肩+1,1,カフの素・金赤×10,500
耐龍カフIISC11,龍耐性+2:気配+2:圧力+1,1,カフの素・金赤×10,500
採取カフIISC11,採取+2:モンスター+2:毒瓶追加+1,1,カフの素・金赤×10,500
小刀カフIISC4,ナイフ使い+2:火耐性+2,1,カフの素・金赤×10,500
対防カフIISC4,対防御DOWN+3:錬金術+1,1,カフの素・金赤×10,500
運搬カフIISC8,運搬+4:龍耐性+1,1,カフの素・黒檀×10,500
耐龍カフIISC8,龍耐性+4:耐寒+1,1,カフの素・黒檀×10,500
採取カフIISC8,採取+4:耐雪+1,1,カフの素・黒檀×10,500
小刀カフIISC1,ナイフ使い+3:拡散弾追加+1,1,カフの素・黒檀×10,500
対防カフIISC1,対防御DOWN+2:氷耐性+2,1,カフの素・黒檀×10,500
速収カフIISC1,高速収集+2:肉焼き+1:水耐性+1,1,カフの素・曙×10,500
運搬カフIISC1,運搬+2:とんずら+1:氷耐性+1,1,カフの素・曙×10,500
広域カフIISC1,広域+2:強肩+1:雷耐性+1,1,カフの素・曙×10,500
腹減カフIISC1,はらへり+2:釣り+1:地図+1,1,カフの素・曙×10,500
毒カフIISC1,毒+2:投擲+1:とんずら+1,1,カフの素・曙×10,500
